,feature_0,feature_1,feature_2,feature_3,feature_4,feature_5,feature_6,feature_7,feature_8,feature_9,feature_10,feature_11,label
0,1.1816957441599805,0.029604632236361,0.2772319515217229,0.0165656352498092,0.0070069214678797,0.0191808073083297,838.0072768019527,0.5552696220358755,46.33490708475632,0.7771079216290195,0.9742012729120236,0.4808889225435098,treadmill
1,1.1471491061705172,0.0154521297578094,0.1745882254861074,0.0281309541957849,0.0207226706879687,0.0355725146606356,790.0446620724849,0.400489007616066,19.04660596280214,0.5232243344512497,1.8239881715669484,0.4702835143543069,treadmill
2,1.220113597679213,0.0057048627348529,0.3364039949965531,0.0183469221885208,0.0248028780741908,0.0144365042770004,893.4079438677487,0.3880217489912511,68.02542789057273,0.6130763590573809,3.0073092726557964,0.3626159090032519,treadmill
3,1.1485400929562368,-0.0738503044843757,0.2065175155561161,0.0243987625490166,0.0239578129254047,0.0313216940817907,3011.645274001274,13.75496665328147,99.56389469068571,3.1870780447359244,8.946684586847235,1.7823308010789338,treadmill
4,1.1630248501107967,-0.0637220010224732,0.1470801755140572,0.0298607622211802,0.0224042329441842,0.0613534375563525,2370.0099442194,7.98833586263368,44.46607165417673,2.7150571930609506,6.881694445066676,1.562979647019609,treadmill
5,1.1584929086478972,-0.0689669188494043,0.1737701138053799,0.0287407430617834,0.0244220635135457,0.0659545382063388,3377.4727759631987,13.461879363641298,86.87897470718451,3.570991199669318,10.073521042490746,2.131134419356936,treadmill
6,1.121258349887792,-0.0447291108137077,0.0373103290725604,0.0152233525410293,0.0172402715133216,0.0632049852188156,754.4709908429472,1.3784549626609466,3.228163617051564,0.4543074213935401,1.7294437583072375,0.376988071264922,treadmill
7,1.197703760537729,-0.0333662857331334,0.2377220413882451,0.0165930826025346,0.0114676197712189,0.009837930244014,860.8615017074931,0.7467576898021956,33.96503551509689,0.4679152965150903,0.9304032845999028,0.2185329948018249,treadmill
8,1.1649750911984875,-0.0642785020768009,0.0758689027853659,0.0184186801523405,0.0239837875144582,0.0335473599909096,814.503387287109,2.8235935136020487,4.127784037966634,0.8900558939189991,2.989065287236141,0.3836197480407713,treadmill
9,0.00610313778172,0.5037299053000001,-0.3675791030999999,0.0140018053421991,0.0306193486698444,0.0252929569797016,0.233102793070655,254.6804244619995,135.7534909749047,1.14335722684,7.0697943,2.1631796000000003,treadmill
10,-0.0092139060233488,0.5037290303999999,-0.2961469195,0.0160591513554605,0.03188674728192,0.0409832803834492,0.3425345101224366,254.75868395529287,89.38094757105691,1.2264899424,7.4577537,2.2139427,treadmill
11,-0.01916903991358,0.504155467,-0.2845749358,0.0165460545612909,0.0286885825910621,0.0285927551970609,0.6409502408320943,254.9949466423012,81.79962218968342,1.245321538,6.9265443,2.165482,treadmill
12,-0.0015040974469,0.5097191733,-0.3222518105,0.0133659386523963,0.0284089240614703,0.0204372802439235,0.1807319768733331,260.61989552899945,104.2634941118728,1.28239400739,6.918373700000001,2.1365435,treadmill
13,-0.011469430564561,0.5092799811,-0.3009694769,0.0256749903156879,0.0296733210237919,0.0292956592135191,0.7900937600582464,260.2457246238167,91.44000343856553,1.2544558306,6.9929556,2.0012350000000003,treadmill
14,-0.01952969072647,0.5072887794,-0.2960928093,0.0145055718493223,0.0281252736555763,0.0265451601857938,0.5916100229327441,258.13214569232474,88.37489260292632,1.2499166454,6.806076800000001,2.1360751,treadmill
15,-0.0161227028217,0.5094620339,-0.3108125404,0.0136356185753029,0.028066716524147,0.0298158443045163,0.4456857101140677,260.3385168213952,97.4925308569212,1.1775634094,6.7808071000000005,2.1969612,treadmill
16,-0.01542423502207,0.4787925503999999,-0.2848633926,0.0214204157385309,0.0488141855008399,0.0836014854781917,0.6962824022171448,231.62274819994084,88.12937160936788,1.4748540194,6.8512535,2.3311427999999994,treadmill
17,-0.00343625035125,0.5012677623999999,-0.3493145046,0.0194952725236986,0.036823849873151,0.0636877774653804,0.3914934015989725,252.62400954506373,126.07269998942476,1.3188679096,7.502848800000001,2.3186628,treadmill
18,-0.0073908286414307,0.4893835851,-0.31196752,0.0157187460639327,0.0349542671595696,0.057532576258331,0.3014562468515721,240.71687235719884,100.63042086854016,1.596978725,7.164032700000002,2.3797098000000005,treadmill
19,0.0032483282466809,0.5105357623,-0.3485837322999999,0.0265821741818312,0.03189012905332,0.0331533773972394,0.7164570086471693,261.6627279379485,122.608665710609,1.260477152842,7.203132,2.2391453,treadmill
20,0.0192851020848,0.5141300829,-0.3908013674,0.0189243827179611,0.0301668338131791,0.0454640007073556,0.7296892914157675,265.2388699672105,154.7906171466679,1.32752995614,7.4112341,2.4621113,treadmill
21,-0.016051944673524,0.5048443367,-0.2682169182,0.0115362723952032,0.0312598346611069,0.0272363995299004,0.3906174229974278,255.8440043838397,72.68139484659851,1.19926559526,7.597415099999999,2.247880499999999,treadmill
22,-0.0071613201246197,0.5133041383098591,-0.3451163115492957,0.0136369032060747,0.0302638336852959,0.0290440971221174,0.1682612757061346,187.72098110547503,85.16282437369335,0.81737032316,5.2085341,1.5614752000000007,treadmill
23,-0.01433898877166,0.5010846394,-0.2611808512,0.0214472965128684,0.0303661082019632,0.0215642599356966,0.6651331401769809,252.00699426943405,68.67998932282426,1.25739158278,7.380134999999999,2.2680799999999994,treadmill
24,-0.0134612798869,0.5022369588000001,-0.3049606041,0.0153202303133663,0.0297482198577536,0.0395930355169188,0.4156808035911916,253.12603441279344,94.56701090601948,1.2407973647,7.071078299999999,2.3510217000000004,treadmill
25,-0.01863999531648,0.4990344716,-0.2986704051,0.0151839913230897,0.0288682982097272,0.0247592265862545,0.5777724643055628,249.86794910797545,89.81641716444645,1.2794382803,6.9239154,2.2589805999999992,treadmill
26,-0.01936963683334,0.4937876205,-0.3281287337,0.030528475198394,0.0334186044336124,0.0343485884728987,1.3062386411965046,244.94190047822,108.847111584116,1.25268678384,6.6051901,2.1245682,treadmill
27,-0.009026893104914,0.5075903561999999,-0.3253364471999999,0.0156715101130107,0.0291763092731823,0.0222469384239384,0.3268354321205192,258.4983754730245,106.33823521968766,1.2578736247000002,6.9749623000000005,2.086847200000001,treadmill
28,-0.007515587416839,0.5111291198,-0.3167089193,0.0136546828293345,0.029670284851798,0.0324004653616834,0.2427479670267027,262.1324225849064,101.3532799296719,1.2161003119,6.981660400000001,2.0227521,treadmill
29,-0.0024479840212989,0.5086258246,-0.3546045422,0.0187403277883,0.0293906674102003,0.0257541634789021,0.3568413114958521,259.5631769695161,126.4069950084331,1.26676911244,7.0810817,2.1752746000000007,treadmill
30,-0.0172051386827399,0.5310249696000001,-0.341694747,0.0172426285075749,0.0123179111370075,0.0165742774700547,0.593027726704701,282.1390975425253,117.02973209437472,0.714041384,1.3123270999999987,0.6277204000000001,treadmill
31,-0.011080213754285,0.5320981845999999,-0.3424572126,0.0141465910195648,0.01109857838672,0.0146800820298124,0.3226970482780034,283.25153331837964,117.49223176535524,0.6394813361999999,1.2482924000000009,0.5582258000000001,treadmill
32,0.0002406380677999,0.5275087920999999,-0.3741460015,0.0124644398986815,0.0152065067039581,0.0174458060861946,0.1552648064055319,278.4965323510924,140.2892822322851,0.7573491170000001,2.1121984999999994,0.7000639999999996,treadmill
33,-0.001960405385492,0.5271777914,-0.3581113344,0.0140641933737155,0.0143789222802304,0.0176846092808201,0.2014469229934783,278.1229703979169,128.55616048575848,0.6682902286,1.9885409,0.6212074999999994,treadmill
34,-0.00809951725185,0.5270836650999999,-0.349071831,0.0119908090314525,0.0140691727210232,0.016006794420888,0.2092379014405498,278.0149336946819,122.1071044478575,0.635564778,1.9410387,0.6453192000000004,treadmill
35,0.01542361580968,0.5248521026,-0.3981137463,0.01377771846566,0.0149201118951781,0.0144773675223081,0.4275236252374815,275.69211673286657,158.70393956922635,0.7481707120000001,2.0644707,0.6706243999999992,treadmill
36,0.00298083940215,0.5257522858,-0.3782602495,0.0177478182435799,0.0147212569351808,0.0143828278788307,0.3235554708961516,276.6319647142708,143.28747522385652,0.7982971595999999,2.078148199999999,0.6622038,treadmill
37,-0.00263524001887,0.5271897505,-0.3676840186999999,0.0163390512131131,0.0144030578816924,0.0176760990324558,0.2736421199072431,278.1362736605193,135.50366963991013,0.7983556629,2.057011499999999,0.7357094000000004,treadmill
38,0.0024554914945599,0.5259668575,-0.3626997781,0.0131322453332981,0.0146691946233541,0.0173075895154607,0.1783128501062928,276.85610527405225,131.8503821359701,0.787203829,2.149030399999999,0.6944885000000001,treadmill
39,0.010831618312474,0.5281619571999999,-0.3664359632,0.0183995509569558,0.0151498429994147,0.0108177455417351,0.4555288872093201,279.18434125849865,134.39222172129888,0.8242185586,2.1603276000000005,0.7090021999999998,treadmill
40,0.00768901550584,0.5282752534,-0.3616983123,0.0142177826762099,0.0146607546793211,0.0108491296359466,0.2610641583327562,279.2894661448737,130.94325503091207,0.8228758335799999,2.069067500000001,0.6329062999999998,treadmill
41,0.00649211816586,0.5294855716,-0.3678948242,0.0147864798091382,0.0146998697169631,0.0224943043730225,0.2605689434403956,280.5708406161048,135.85208940864587,0.7763001675999999,2.064669999999999,0.6865622999999992,treadmill
42,-0.01132451054233,0.5235915164,-0.3345808069,0.017002979585903,0.0123153215874321,0.0182031065577355,0.4170567525071793,274.2995915247075,112.275338081119,0.6860856986,1.4876001999999997,0.6301753999999995,treadmill
43,0.02681881752901,0.5280340590000001,-0.3943312735,0.0165074705701087,0.0149442284144288,0.0099152104994476,0.991473061692718,279.04307409695525,155.59536634798093,0.7520467064,2.1105165,0.6615877000000001,treadmill
44,0.0282650732327272,0.5287519436363637,-0.3741979658181818,0.0128816683131973,0.0149642966280908,0.0053216637494201,0.2651682920517028,76.94547678984802,38.51439205496488,0.211023912,0.5837359999999996,0.1909857,treadmill
45,-0.00292206604669,0.5308123894000001,-0.3579297675,0.0135365804293326,0.0146213715324355,0.02234244075234,0.1915942406912894,281.9753634615213,128.6124039367171,0.7827791340000001,1.8969758000000003,0.7148185000000002,treadmill
46,-0.0058783390382699,0.5307409423,-0.361968253,0.014875189816034,0.0145910837645482,0.0153066204739552,0.2556048706398289,281.8986346591905,131.2550745175754,0.8055695256,2.004414799999999,0.6752962000000002,treadmill
47,0.00517868498171,0.531976573,-0.3559967002999999,0.014240636761458,0.0148446282449484,0.0089072815319624,0.229411717776207,283.2192168455673,126.8129109491134,0.7498931520000001,2.0308986000000004,0.6777682999999999,treadmill
48,0.0123309515978199,0.5309319807,-0.3580199547,0.0137632607703959,0.014988933867664,0.0143075336545525,0.3412902869946644,282.1132116003759,128.3827887771469,0.8190338666,2.076316799999999,0.6839787000000004,treadmill
49,-0.0063464023826,0.5294805996999999,-0.3637545091,0.0153416140627633,0.0137704056172275,0.0160457649744791,0.2754065801305971,280.53913990546374,132.5745519976246,0.683585973,1.9017455000000008,0.6576324000000002,treadmill
50,0.00826660024528,0.5273499819999999,-0.3722613675,0.0138929132413004,0.0149022821833096,0.0167758271559908,0.2611567049072357,278.319859451657,138.85967268136096,0.8160940391999999,2.0564284,0.6563012999999995,treadmill
51,0.00484586236582,0.5290431723,-0.3629974621,0.0164735085663457,0.0151004278492111,0.0152647395680048,0.2945874900694523,280.1144730555555,131.99993675284588,0.7483052860000001,2.0613168,0.6803849,treadmill
52,-0.00396882001789,0.4996363156,-0.3035102215999999,0.0119482831407174,0.0225310197963274,0.0265882133447194,0.1583702408751472,250.14358707255224,92.82468077145656,0.8605317394,4.6869133000000005,1.7022564000000002,treadmill
53,-0.01747338376079,0.5042345586,-0.2641787059,0.0135571343997979,0.0242118638971492,0.0176357720992076,0.4889312372928899,254.8381182255576,70.10109808807636,0.8218015778200001,5.1475594000000005,1.6970696999999997,treadmill
54,-0.001647835433473,0.5046988351,-0.3250419589,0.0138306455405636,0.0237582432957855,0.0212339980319562,0.1938108309284535,255.28480382167425,106.102706835298,0.8657021498999999,5.441019400000001,1.934033799999999,treadmill
55,-0.0076931119664,0.5117701041,-0.3277669199,0.0175367375781371,0.0260056381539874,0.0481639607828811,0.3664135994471311,262.5842563731052,109.74860113190962,0.9481580032,5.73568,1.8219009,treadmill
56,-0.00421135196405,0.5116806368999999,-0.3150041853999999,0.0138971320135355,0.0270374262614452,0.0398359848789192,0.2106726332885397,262.5473655748139,100.81295560509976,0.9960630754,6.1734647,1.8966272000000008,treadmill
57,-0.009675501037478,0.5122302345,-0.3061286126,0.0137860000603461,0.0258453758888462,0.0294585706055623,0.2834790641924373,263.0471286073059,94.58166702714166,0.935692439506,5.829998,1.8809566000000004,treadmill
58,-0.0090917882189199,0.5135218355,-0.2979146639,0.0160510894094275,0.0254619216291276,0.0317953251574157,0.3400404467759003,264.35233667888383,89.76307872581388,0.9868382091,5.9093502,2.0400532,treadmill
59,0.002538040594127,0.5125686859,-0.3267633934,0.014242955087107,0.025935322677181,0.0274655480795597,0.2091005579011721,263.39862608666,107.52791724126246,0.934205771526,5.9010889,2.0235682000000006,treadmill
60,-0.0071567630517899,0.5109955919999999,-0.2851548403,0.0180293682460998,0.0266738380530901,0.0209531099653231,0.3759523186135852,261.8272771862765,81.7518767309202,0.9938502766,5.940371799999999,1.9473701000000003,treadmill
61,-0.002655208982886,0.5116950412,-0.3134485032,0.0215847451684592,0.0267772896599748,0.0221223020987355,0.4724854575061348,262.5481214069624,98.73887101221798,1.0181391222,6.2557086,1.8561624000000003,treadmill
62,-0.01702951431426,0.5080803729,-0.3293232239,0.0137997667434997,0.0243050787901654,0.018918801628163,0.4802474863924121,258.7358114443442,108.81134893388028,0.8745955269000001,5.510065600000001,1.678695099999999,treadmill
63,-0.01298902677216,0.5087911881,-0.3153948950999999,0.0162839346200066,0.0253839077048364,0.0434930482744252,0.4336161766698325,259.5121715158068,101.3636934580933,0.9638203936,5.9237781,1.9848628,treadmill
64,-0.019876136443351,0.5021499531,-0.2697281666,0.0120066707168854,0.0238579347272029,0.0237448773401633,0.5390767814767178,252.72320724673023,73.31653923809685,0.94123523514,5.0627798,1.7129810000000003,treadmill
65,-0.0240498964205426,0.5105681346899225,-0.2521700137596899,0.0183700923565473,0.0265148804885109,0.0180476600903916,0.4722451701966961,134.87285222991517,32.98003816110433,0.571580068,3.2052543999999994,1.0382804000000003,treadmill
66,-0.0247915395507,0.5013456312,-0.2485446285999999,0.0140695448012102,0.0238493990920609,0.0262347022698396,0.8123745721162707,251.9156669665417,62.46200374949588,0.9004084488,5.245395300000001,1.8281355000000008,treadmill
67,-0.0067656539745779,0.5034639664999999,-0.317634776,0.0228213745084282,0.0240157447512886,0.02858902159395,0.566068393023208,254.0521448038762,101.7083657481138,0.898531632284,5.305585899999999,1.8101711000000005,treadmill
68,-0.017452627884824,0.4998674644999999,-0.3420298814999999,0.0183022060573712,0.0236199192238773,0.0190923207588387,0.6392299959060469,250.42482474921712,117.34859203415049,0.97205866202,5.241738400000002,1.8976030000000008,treadmill
69,-0.0306950782233399,0.4997303402,-0.3141724039,0.0145423956231048,0.02394431327455,0.011867704378527,1.1534576163254018,250.3031697244593,98.84500093711362,0.93698031508,5.1657536,1.7263465999999987,treadmill
70,-0.01500183321787,0.5034484213,-0.3432080919999999,0.0147459011683346,0.0237803330838774,0.0257706077856355,0.4422791595618141,254.02525164680085,118.45525451569588,0.8543854836,5.251288199999999,1.7728475999999993,treadmill
71,-0.0185770973472399,0.5026123978,-0.3210213477999999,0.0176357696429353,0.024816915800775,0.0219761223279537,0.6558178963766119,253.23448585281835,103.5371727459492,0.9495992198,5.594332000000001,1.9407571000000003,treadmill
72,-0.0076241042952499,0.5055038031,-0.3193387126999999,0.0170563484569793,0.0244712606728169,0.0283104482470196,0.3487550699680651,256.1323387048816,102.77789342736035,0.94591509714,5.409066599999999,1.8646906000000003,treadmill
73,0.00347957619999,0.4303398764,-0.3175933794,0.0155947121589201,0.0306671330067196,0.0211946700865404,0.2550593028037894,186.13194179377223,101.31431946474956,1.3581401916,7.319648799999999,1.3078596000000002,treadmill
74,0.007206234136758,0.4356923288,-0.317260102,0.0191565529775218,0.0305146388553832,0.0291650578357942,0.4185363588923966,190.7580174164573,101.50372231901704,1.301405543608,7.1572868,1.2053377000000003,treadmill
75,0.016148124642604,0.4379604153999999,-0.3190970232,0.0152390753753452,0.0295051346888583,0.0291415707286359,0.4927591183502339,192.67900787737523,102.67129212848889,1.3597708196,7.4217198,1.3018874000000005,treadmill
76,0.01658727829771,0.4373624389,-0.3115134763,0.0183162279562912,0.030407447775283,0.0186114091856512,0.6102865236659585,192.20959122788256,97.38668408383454,1.42226471716,7.3179435,1.257814499999999,treadmill
77,0.013050651591537,0.4347017501,-0.3228007377999999,0.016508194000909,0.0305275704085665,0.0251113359601159,0.4425674556661636,189.8966121624977,104.83026493873244,1.455313735,7.56447,1.4131028999999995,treadmill
78,0.02205436704577,0.4322636585,-0.3221615219,0.0162113542312769,0.0303777619607424,0.0160685296738372,0.7489403037954734,187.7737560731264,104.0459856411573,1.451967254,7.284678599999999,1.3048637999999997,treadmill
79,0.026081958941,0.4297357242,-0.3235279604,0.0190763923573187,0.0305103289082452,0.0230352047819966,1.0438134188250068,185.60274194361767,105.20043119927314,1.5589170798,7.426131,1.3578755000000002,treadmill
80,0.02552468059164,0.4358896653,-0.3299485396,0.0187568750563942,0.0314291881074181,0.0269925393510623,1.002977860824548,190.9866063865724,109.5939073676108,1.4789005594,7.529116199999999,1.3884508000000002,treadmill
81,0.02085616321247,0.4375622117,-0.3325113004,0.0163808480780416,0.03204666133869,0.0290890777158606,0.7030433955173123,192.48665062224933,111.40909316161606,1.414550508,7.6234046,1.4746567999999995,treadmill
82,0.0362952778151699,0.4428118756999999,-0.3470631568,0.022551355741327,0.0320308640481766,0.0271707313429787,1.8254022738064828,197.10730753637336,121.190345201052,1.40973782158,7.8074607,1.5026112999999994,treadmill
83,0.028078599211,0.4432969187999999,-0.3361335669,0.0161100810387175,0.0320710546831818,0.0304974964536201,1.0476829100149423,197.53968221351693,113.9149419895654,1.5450092856,7.906945000000001,1.5484673000000004,treadmill
84,0.0329531875174,0.446672161,-0.3782019624,0.0250894028920903,0.0316935570502529,0.0354700770650466,1.7147612269010768,200.51949648934905,144.29359260384436,1.4820578424000002,7.953204100000001,1.4912362999999995,treadmill
85,0.004814671203632,0.4366493632,-0.3173133686999999,0.0132943194099286,0.0300522211833531,0.0226665713599274,0.1997432484437167,191.56489924502068,101.2010336394996,1.290692941258,7.2284264,1.1590615,treadmill
86,0.0458835951629393,0.441836289456869,-0.3630900079872204,0.0175138911307919,0.0326575651130935,0.0330159480506745,0.754661998841811,61.4363961576016,41.60424925236369,0.4779998,2.5277214,0.5151966000000003,treadmill
87,-0.0078626402704379,0.4371105038,-0.2832502998999999,0.0176077956689043,0.0293319530505042,0.027405682967839,0.3715455458718829,191.92509563857703,80.9810527809147,1.33905775352,7.1602485,1.3202730000000005,treadmill
88,-0.0048873981088,0.4366851467,-0.2806951557,0.0158043452404557,0.0299225180935222,0.0206272451749494,0.2734142114249397,191.58837908036864,79.21482819371121,1.2806710436,7.2684645,1.2286860999999996,treadmill
89,-0.0091051188635999,0.4364242105,-0.2907290626,0.0157055166859537,0.0297789619067391,0.0258738809752426,0.3293197806386841,191.35199129621907,85.19217609927901,1.3203026004,7.3262182,1.3236821,treadmill
90,-0.0013678298437909,0.4359004003,-0.2946402282,0.0151661919759426,0.0292100895616752,0.0240833249106392,0.23165432415366,190.8615350845692,87.39229060596074,1.30981937,7.2505272,1.3964791999999997,treadmill
91,-0.0013462682663699,0.4321137084999999,-0.3024180759,0.0186989797915055,0.0294202818472112,0.0167900788489316,0.3511146316429252,187.5869445046084,91.73831747206376,1.3129426798,7.3176264,1.364224299999999,treadmill
92,0.00524089016874,0.4345754343,-0.3119935024999999,0.0186042766529817,0.0303411890043807,0.0364130522976885,0.3732399204316963,189.775475259483,98.66453006947408,1.31777632734,7.4025798,1.3993238000000003,treadmill
93,0.0111491332406499,0.4389144453999999,-0.3187074246,0.0165603172882387,0.0299322840963863,0.0278419878250106,0.3982730365962199,193.5409360703852,102.34882360492668,1.3738622854,7.4680579,1.3407300000000006,treadmill
94,0.01384745094999,0.4497573981,-0.3765356424,0.0217989293127195,0.0214930537013481,0.0256707158101192,0.6664700236741397,202.74320655173352,142.43741666213438,1.0587564702,3.2852497,1.0766677999999996,treadmill
95,0.01784887205239,0.4473479434,-0.3882890499999999,0.0181481624867186,0.0209392914149652,0.0154489483758364,0.6476086793852881,200.5581979352455,151.00681768581583,0.9912319664,3.1455702,0.9584663000000008,treadmill
96,0.0250176344150599,0.440543784,-0.3717931198,0.0139537152437592,0.0232408099368896,0.0191371836951974,0.8203934946604096,194.61842073231475,138.5959894986011,0.8805032460000001,3.5978454,1.073115700000001,treadmill
97,0.0400177995758,0.4429965996,-0.4010165557,0.0191373297268859,0.0222860423618531,0.0348173756021997,1.9672954345753744,196.74215827363287,162.02531533967203,0.8672490580000001,3.4872384,1.0196916999999996,treadmill
98,0.05535592259,0.443346044,-0.4891274941,0.024774952129387,0.0266431407212523,0.0762527931950975,3.67746262055048,197.2648618209949,245.0543794661298,1.15648155,3.5933153000000004,2.3178001,treadmill
99,0.03954630368422,0.4437978898999999,-0.4279400444,0.0183452271865387,0.023592802939011,0.01711293180923,1.900120948249747,197.512630809861,183.4252411837462,1.111645308,3.6916081,1.0995322,treadmill
100,0.03442680736801,0.4325231007,-0.3671671334999999,0.0193812663064965,0.0255213309733407,0.0284740220195763,1.5604629157137606,187.7269196354585,135.62166308264815,1.2600966969999998,4.0951833,1.357252,treadmill
101,0.0474328980015,0.4399339215,-0.4027430936,0.0182863024546124,0.0254154548938422,0.0278810701959625,2.5839342814248067,194.18715468848163,162.9785761636953,1.1488659478,4.2387833,1.3177057000000003,treadmill
102,0.0322131577933,0.4384276635,-0.3799220615,0.0206514540243408,0.0255524481931724,0.0177345352431355,1.463743605782187,192.87109080312533,144.6549720409595,1.161052726,4.1663853,1.3187896000000003,treadmill
103,0.03727556829307,0.4362240488999999,-0.4036755688999999,0.0207583341219255,0.0247007749034156,0.0384594198571865,1.8199455186533084,190.900938991258,164.43161277551422,1.00257345,3.9655569,1.2045929999999996,treadmill
104,0.03200450878055,0.4388854957999999,-0.3731925547999999,0.0178234622498265,0.0255194453901432,0.0173989695140168,1.3416467130487242,193.2710692745393,139.57510437416053,1.143204667,4.1543774,1.2868256000000002,treadmill
105,0.0329842199177,0.4372523806,-0.3935405379,0.0192736523681622,0.0256780909045097,0.0373311196439775,1.459060965512355,191.848349328515,156.2663738520004,1.214445884,4.1793889,1.3129561999999997,treadmill
106,0.0213169655182999,0.4475100327999999,-0.3521692482,0.0178891647275843,0.021654802554095,0.0158642930834151,0.7741152113443894,200.73369099984023,124.27460349699466,1.0036565348000002,3.2410745,0.9980510000000002,treadmill
107,0.0203935497730276,0.4411156416574586,-0.402518520441989,0.0188379489087363,0.0256428044475952,0.0208757698190552,0.6971876299278834,176.6920517215822,147.02311034546764,1.218116446,3.737392,1.2032137999999997,treadmill
108,0.029741652323502,0.4518523974999999,-0.4241963501,0.0279898277214599,0.0195537893934097,0.0689492873763368,1.6672129083532017,204.5525574554601,184.6917936636368,0.8412919990000001,2.9613373000000003,1.2486975000000002,treadmill
109,0.02259713300342,0.4435563148,-0.3487493819999999,0.0173633193188292,0.0225520134085158,0.0311171867886307,0.8118137928841158,197.2502891144258,122.59344247970682,0.9357587546,3.3651927,1.0939936000000006,treadmill
110,0.02705885395605,0.4481647673999999,-0.3643130215,0.0162672692974075,0.0230538370427191,0.0179813291301203,0.9965410037588274,201.382606661686,133.0469825035479,1.0142316339000002,3.6710252,1.1731789999999995,treadmill
111,0.037233795421,0.4464130188,-0.4018350382,0.016123503815931,0.0225504107954061,0.0359422337010144,1.6460629293799205,199.7925958601437,162.7619502444504,0.8578315179999999,3.610958299999999,1.0902261999999996,treadmill
112,0.04610133545,0.4458009925999999,-0.3949283361,0.0159750531083446,0.0233573848261881,0.0141139790327101,2.3802802497660456,199.283546861638,156.16739585444623,0.98895668,3.6602246,1.1357990999999994,treadmill
113,0.02351384585487,0.4355928742,-0.379890161,0.0166682427228955,0.023560506168079,0.0172188057579557,0.8304534320404776,190.29569440726223,144.6127252090644,0.9220860546,3.5603872,1.1028976999999998,treadmill
114,0.0302602390057,0.4314109373,-0.3670645708,0.0134761798227184,0.0246543533267461,0.023486070846583,1.0971078798737175,186.7226261228866,135.2874430648751,0.877456504,3.5598333,1.2062457999999996,treadmill
115,0.00363232811052,0.4308672274,-0.3701429094,0.0243688460486903,0.0311994555122959,0.0371969070692937,0.6064406245894993,186.6190002656028,138.38799966472277,1.2958508132,6.268606799999999,1.1421134,treadmill
116,-0.0047739425897499,0.4347462367,-0.3590034799,0.0191357019649485,0.0326755636273795,0.0338208811408403,0.388599442451873,190.070915090721,130.02620672945142,1.3480153660199998,6.6221256,1.0317406999999998,treadmill
117,-0.01597224879121,0.4329327793,-0.317126358,0.021988871114454,0.0333693262393934,0.0212957004910432,0.7381396738834913,188.54318981415992,101.02218029088895,1.2834923136,6.8850734,0.9808260000000004,treadmill
118,-0.0158780107529299,0.4312540232,-0.3262025038,0.0213352645276898,0.0330905692234121,0.0280249315550988,0.7068495444241942,187.07392331194404,107.19268487726832,1.497929374,6.8667948,1.0407478,treadmill
119,-0.02126206968824,0.4279048459999999,-0.3330247046,0.0188722303641155,0.0336578774004027,0.0242752743242241,0.8078805252649041,184.2342770886732,111.49415352849007,1.330044286,6.8572606,1.0160412,treadmill
120,-0.00828324853597,0.4298575777,-0.3366560706,0.0191090818964274,0.0342288949071885,0.0297276538648343,0.433404060222098,185.9479827354324,114.22015954273527,1.3759613240000002,7.0239581,1.0665133,treadmill
121,-0.01431330408414,0.4317180141,-0.3382759936,0.015051394336049,0.034150879730723,0.0412241639255682,0.4311886007928482,187.5455600022437,116.128380105738,1.3368314466000002,7.1054666,0.9978667999999996,treadmill
122,-0.0162928218176599,0.4285793098,-0.3143924351,0.0166887223859537,0.0345805759085899,0.0234462921047597,0.5436909842025743,184.874845202584,99.39178213295595,1.31182242002,7.2916747,1.075075400000001,treadmill
123,-0.014260560412685,0.4287977265,-0.321674126,0.0175808399867935,0.0342794002533258,0.020796303447824,0.5121404319904348,185.0413924560148,103.90629708872076,1.24737143052,7.0945957,1.0297617000000006,treadmill
124,0.0036156342944149,0.4335110959,-0.3472215526,0.0235570063846607,0.0343785800777859,0.0415223053945178,0.5674504286080924,189.1125751498156,122.2851843333849,1.32711662638,7.0952365,1.0872076000000002,treadmill
125,-0.0065616847134899,0.4302495573,-0.3254626377,0.0220381727165788,0.0358019605455493,0.0368427228799473,0.5282510819083236,186.3951801553721,107.28195738162086,1.33689304,7.299521499999999,1.0752816000000005,treadmill
126,-0.01521560212286,0.4286030725,-0.3135524923999999,0.0266904534791979,0.0362233606379966,0.0347105801144152,0.943182474579485,185.0114134804947,99.5187850377594,1.4150622164,7.2438184,1.0913037,treadmill
127,-0.0051854622452999,0.4333744741,-0.3615182528,0.0218381731142606,0.0328445271668631,0.0344597056065184,0.5033179178608805,188.8911190033016,131.88173094674215,1.4125062182,6.826848400000001,1.1167068999999996,treadmill
128,-0.0155120907287969,0.427462877443609,-0.295113422406015,0.0200264592882502,0.0349509373770201,0.0182330742901586,0.4263188211459548,122.32292137655148,58.13687831470583,0.8865164368,4.7965512,0.6522844999999997,treadmill
129,-0.00099288030283,0.4313836634,-0.4066381959,0.0189282624531532,0.0323691700282806,0.0447085523892865,0.3589066516717035,187.1385804535559,167.35147816689562,1.410823261,6.8986963,1.0970774999999993,treadmill
130,-0.0041910677199,0.4315381459,-0.388915072,0.0177823010761645,0.033308035941467,0.0206695851045566,0.3334590699645874,187.33348719982948,151.6817377454113,1.2305041706,6.798145600000001,1.0246247000000004,treadmill
131,-0.002680252574981,0.4312402112,-0.3820205948,0.0190304536972671,0.0333254469483609,0.0356948120994472,0.3689797636215963,187.07759458471432,147.2125803425498,1.26717774136,6.8360372,1.0803329000000002,treadmill
132,-0.0102278498431999,0.432798606,-0.3697571533,0.0230429471506686,0.0332320412475421,0.0409250464691522,0.6350553483901665,188.4178975524561,138.39353698559347,1.2332489824,6.8121281,1.0684327999999996,treadmill
133,-0.004466828547967,0.4326561069,-0.3590685807,0.0158115353616445,0.0328954551646286,0.0271911550082503,0.269707203118978,188.27233569738183,129.66886519768445,1.2240380796,6.7565696,0.9963425,treadmill
134,-0.01667152029246,0.4220885431,-0.3459833457,0.0136841940610817,0.0365998982488796,0.0469739297879419,0.4650094987961493,179.4969512155571,121.90881903140848,1.1883991222,6.746661700000001,1.2233240000000007,treadmill
135,-0.01005772891607,0.4321339364,-0.3518784534,0.0200255341577178,0.0330941118213696,0.0335976500179756,0.5017789072327723,187.8338640055673,124.9461192518196,1.3228452174,7.0001833,1.0070256,treadmill
136,0.012704365058271,0.4455314503,-0.2637016311999999,0.0196620814023737,0.026576911446545,0.0248252847179038,0.5476117391623145,199.2038990962368,70.15422876410449,1.754712874858,6.6581484,1.3606157999999997,treadmill
137,0.01780719062222,0.4484873165999999,-0.2650647704,0.0224245223459555,0.0273747736693937,0.0409995357578236,0.8194523810978943,201.8895020062857,71.93861347762942,1.9818040022,6.7012496,1.4258235999999995,treadmill
138,0.024801085444446,0.4490418583,-0.3142009656,0.0220437402309405,0.0269109588162726,0.0350599989125782,1.1005343961085303,202.362066010224,99.95022110419862,2.2476826136,6.6118998,1.3382632,treadmill
139,0.0463378855226,0.4532384325,-0.3674165929999999,0.0307666529841949,0.0279719190409085,0.0620757369626743,3.092839983619603,206.20672252163337,138.84449653406733,2.317310318,6.8454011,1.3422449000000003,treadmill
140,0.0508420752969,0.4522314634,-0.3679611428,0.0285827259753126,0.0279573949769222,0.0431189526319966,3.401071872451281,205.2941308068673,137.25278744268627,2.099204596,6.4309059,1.2768864,treadmill
141,0.010695288137338,0.452229178,-0.3094155887,0.0249844324825534,0.0276505624062078,0.0253826231980458,0.7379868329494783,205.2750184823339,96.38163981342112,2.2024220521,6.763685000000001,1.2475291,treadmill
142,0.01938114995571,0.4458363784,-0.3162110133,0.0213915735001238,0.026888451793196,0.016614623824615,0.8327707910001056,199.4923421558232,100.2651746113214,1.970063969,6.4314302,1.3666704000000005,treadmill
143,0.0394149390749,0.4573482406,-0.3861824446,0.0279636285373359,0.0279577850452611,0.0631674641727256,2.3347199787312154,209.94826928680789,153.12301891871465,2.1177447011999995,6.609316999999999,1.1734991999999995,treadmill
144,0.02751042450237,0.4537937568,-0.368204938,0.0270988247500055,0.0261288083250105,0.0483404681054446,1.490435412829279,206.61080562051825,137.9093404233807,2.07566687,6.4608183000000015,1.1755649999999995,treadmill
145,0.05402262949,0.4494667588,-0.3794461182999999,0.0251057088761636,0.0266716108747589,0.0405524882950256,3.548110818570326,202.7310307180053,145.62221649554888,2.232287162,6.5112253,1.276635900000001,treadmill
146,0.0610497128899999,0.4556297256,-0.3998202553999999,0.0265842819767611,0.0283479496456109,0.0746640615822539,4.433084768123161,208.40124949319227,165.42538399798786,2.0783277040000003,6.6572374,1.3969239999999992,treadmill
147,0.0433088741922,0.4493854284,-0.3498223084,0.0226020406722752,0.02621517863002,0.0261471453074303,2.38599997410444,202.6338116132648,123.05863698882486,2.108395732,6.5694886,1.2863724000000003,treadmill
148,0.0640466762699999,0.4549114616999999,-0.4287654993999999,0.0211052446540783,0.0274550780570199,0.0417473199403403,4.546962661790777,207.6974655158365,185.5809493592104,2.0336117500000004,6.6813775,1.3096459999999994,treadmill
149,0.0023274452765296,0.4460997899543379,-0.3316504835616438,0.0194392036549125,0.0255984426794916,0.0194257569417207,0.0835647385765396,43.72495104714979,24.17052195816263,0.456525814,1.3655840999999995,0.2782599,treadmill
150,0.0562510478649999,0.4555331066,-0.3789672356,0.0224484171343353,0.0284955566471221,0.0253497912142249,3.667607886315807,208.32159596052767,144.2581349609961,2.276008428,6.958356400000001,1.2187038000000003,treadmill
151,0.0623662636807,0.451438427,-0.3790886336,0.0247225142736961,0.0279263710750464,0.0437842612077417,4.500142354791695,204.5757556914541,145.6233365926933,2.190524838,6.7318724,1.4182907000000011,treadmill
152,0.0504305084124,0.454544666,-0.3652868221,0.0228487298393937,0.028070918729953,0.0316762212435051,3.064778569551476,207.39804189091683,134.43684200919228,2.192509754,6.6986313,1.2832893000000003,treadmill
153,0.0750960960399999,0.4507242129,-0.3855371387999999,0.0217827376167619,0.0274913995074944,0.0260027319319066,6.113436810871519,203.9073373641583,149.31435131994513,2.28354082,6.785510400000001,1.1964891999999991,treadmill
154,0.068194939763,0.4491102674999999,-0.3633500871999999,0.0316146941372399,0.0271930990658339,0.0462333358469983,5.649039205785044,202.438757546089,134.1586696904454,2.108297394,6.6052654,1.2855920999999997,treadmill
155,0.0755968047855,0.4498282307999999,-0.4045844178,0.0277195216607482,0.0279647931541058,0.0526281249422253,6.482480402996584,203.12668485115384,166.4555009419645,2.3955340556,6.7315032,1.3403705,treadmill
156,0.0294686979645,0.4494521343,-0.3016247634999999,0.0233295882780633,0.0286261236619421,0.0261198632817611,1.412129579257654,202.8258565277781,91.65906296703096,2.30178941224,6.9699122,1.2633948000000004,treadmill
157,0.0209855239387,0.4587357078,-0.3204282456,0.0148982081339618,0.0140864424165839,0.016679787038905,0.6621268639789962,210.6366790428628,102.95219765866148,0.798126216,1.6176557999999996,0.5573781999999994,treadmill
158,0.04122484532,0.4673587919,-0.3340832763,0.0143395089859879,0.0119079714982396,0.0112464324060562,1.9049037680991967,218.5658983516452,111.73799126296429,0.80597678,1.6966023000000003,0.3997807000000004,treadmill
159,0.09423976704,0.4658101637,-0.364559755,0.0177384828788287,0.0125431873859602,0.038328124738867,9.195472812821126,217.1362828244703,134.3713910665122,1.02690612,1.7738749999999996,0.5711386,treadmill
160,0.08468176193,0.4671660790999999,-0.3524584824,0.0181185083939241,0.012750675945198,0.0165162860253805,7.498952869643478,218.40656261898985,124.4994967320792,0.99690371,1.8155409,0.5000889999999992,treadmill
161,0.06066295496,0.4692961755,-0.3574104277,0.0183082857820678,0.0126314502159026,0.0189257312007865,4.014852239428578,220.39829431994903,128.10003894687986,1.06083757,1.8190474000000008,0.4983857999999999,treadmill
162,0.07239585191,0.4656526921,-0.3543122406999999,0.0193661200084382,0.0125799011521579,0.0233069268653016,5.6158309313517005,216.99052531906247,126.07983353691937,0.98688,1.7969629,0.5713292999999997,treadmill
163,0.05614104005,0.4647461758,-0.3349407605,0.01545992061415,0.0126111451585906,0.0133049803441819,3.3905865141461304,216.14788986195333,112.36215852377548,0.90177102,1.7774006000000002,0.4447587000000002,treadmill
164,0.07885445919,0.4657121818,-0.3486559938,0.0172616174126121,0.0122601991174184,0.0139385017087291,6.515691206411073,217.0379984468326,121.75508956072,0.90653157,1.7677367,0.4676604000000002,treadmill
165,0.0568736336,0.4679694878,-0.3343809187,0.0172327988870343,0.012292558107415,0.0162424846431253,3.531282586990541,219.1463973896337,112.0741532797308,0.97242738,1.7278983,0.4807259,treadmill
166,0.053537068313,0.4679403732,-0.3391526870999999,0.0187271337866689,0.0121037338793309,0.0159568750111557,3.2165725178747624,219.11454674400312,115.27891240541204,1.057350424,1.7494906,0.4560409000000002,treadmill
167,0.06106832995,0.4666679223,-0.347427373,0.0207133698983579,0.0123180743399427,0.0189405366742206,4.157955571735722,217.9305329242877,121.06416469525912,1.0321253999999995,1.7350151,0.4972278999999999,treadmill
168,0.0451596959,0.4663948179,-0.3478416094,0.0159838525608807,0.0114287191827381,0.020988808747322,2.2946261929257634,217.6546111705099,121.4338747925212,0.8106977199999998,1.6509761,0.4272692,treadmill
169,0.0501015377,0.467328021,-0.3396846905,0.0154036818169316,0.0121465422518556,0.0200706144511154,2.7472002200082737,218.5428701619639,115.78811569496168,0.8375710700000001,1.7301098999999995,0.4665165000000006,treadmill
170,0.07583776903,0.4643090629999999,-0.3778710846999999,0.020029858692703,0.0119028922060648,0.0197069692306024,6.152161255458029,215.7244431479643,143.17453292397423,0.99366028,1.7180333,0.4655344999999999,treadmill
171,0.0670840996793002,0.4587928868804664,-0.3571980825072886,0.0148633517069184,0.0121154703403945,0.0072015054069886,1.6191491900108637,72.24858351745118,43.78126795498453,0.32225568,0.5942482,0.1540525000000002,treadmill
172,0.07145694477,0.4680511634,-0.3492296872000001,0.0157490291767428,0.0121771242212338,0.0134938949469208,5.353878843952719,219.22002563203853,122.14327753744756,0.82831146,1.7400406000000002,0.4553409999999986,treadmill
173,0.0706140631899999,0.4680406838,-0.3471159084,0.0165934594862064,0.0122697593352217,0.0133826688684698,5.261413475023968,219.21247813912169,120.66837059457428,0.84466057,1.7551570999999997,0.4421299,treadmill
174,0.07274790181,0.4666894673,-0.3578224345,0.0225653473604479,0.0124121422935017,0.0275416090569142,5.800942924353581,217.9529661037956,128.79467632072124,0.90709355,1.7608424,0.4363872000000003,treadmill
175,0.06787639791,0.4661581122,-0.3398428292,0.0152432969512316,0.0124224873357705,0.0106967148089781,4.839331137078137,217.4575494432836,115.60745384665728,0.8270620200000001,1.7641163999999998,0.465145,treadmill
176,0.0620489592999999,0.4665336512999999,-0.3343522827,0.0150695416625647,0.0122021224790473,0.016152354365931,4.076937345046912,217.80239069651063,112.05208659971176,0.85441846,1.7203974999999998,0.4519396999999991,treadmill
177,0.0963354298799999,0.4671378361,-0.3909922499,0.0203853318514166,0.011964668615227,0.0174964339925138,9.695661243102084,218.3607680579676,153.180758559116,1.00107278,1.7254404,0.4457710999999996,treadmill
178,0.0970582828,0.4663272753,-0.3644545034999999,0.0194101157307504,0.0125199600715142,0.0111102027827376,9.79668610017322,217.6177203395141,132.95039829069918,1.06361786,1.823399,0.4992997999999998,treadmill
179,0.08676117013,0.4620982622,-0.4094317846999999,0.0238736253655343,0.0200956454500482,0.0218410692271871,8.096880680432594,213.938235059348,168.11094159530896,0.94520298,3.7262725,0.6306978999999997,treadmill
180,0.05581388486,0.4619151463,-0.373090672,0.0223226717391755,0.0194828417747726,0.0402492523356508,3.612993115066751,213.74480392384763,140.8150318446769,0.86091365,3.6832352,0.6343551999999995,treadmill
181,0.08957302678,0.4656299262999999,-0.4231049192,0.0220173245042582,0.0199558099084853,0.022238155216134,8.507604942278082,217.209064380898,179.511813663108,1.0229967699999998,3.7348085,0.6215262000000004,treadmill
182,0.0571021875,0.4679505285,-0.4140911164,0.0173329892830789,0.0201208998902153,0.0320079446462653,3.5607919022549974,219.382142885209,172.49493669335624,1.00187319,3.7301946,0.6104392000000003,treadmill
183,0.0538187465599999,0.4644135787,-0.3784885237,0.016180668440081,0.0201113898612434,0.0199591658331013,3.1580096984261807,216.08403561508987,143.65153250505796,0.93926776,3.6551796,0.5438152999999994,treadmill
184,0.07302890326,0.4647346517,-0.4743064216,0.0269609012025119,0.0198031366745672,0.0401711038548047,6.0593840148164,216.37006854864973,226.57868543832552,1.01751446,3.6290298,0.6651378000000011,treadmill
185,0.115069456,0.4667819465999999,-0.5097777093,0.0235058280308901,0.0198888498868745,0.0163977081723632,13.792951131602296,218.28055645515803,260.141928847628,1.1352051600000002,3.7561416,0.6021074000000002,treadmill
186,0.11019939686,0.4682330012999999,-0.4929764572,0.035986412470082,0.0204132008588327,0.0560155602102086,13.43763392889219,219.65842557693955,246.1603925961413,1.03753471,3.7703371,0.620004100000001,treadmill
187,0.07357165344,0.4656921397,-0.4116643954,0.0148782597511023,0.0203021349250858,0.0097781457807545,5.633929440503516,217.2809334841982,169.56309096282234,0.9208936200000002,3.7044375,0.5918079999999997,treadmill
188,0.0618785214,0.4616709307,-0.3775613532,0.0167306449587079,0.0199403834889988,0.0153359587767753,4.108585976903864,213.53726952819883,142.7875318701865,1.03582808,3.6494961,0.6177836999999996,treadmill
189,0.07628660927,0.4631754399,-0.3808223923999999,0.0153598695149331,0.0200588300797081,0.0342750168666206,6.055336419837907,214.93344243406096,146.1992965576855,0.97618985,3.6365235,0.6169217999999999,treadmill
190,0.10044928225,0.4643005106,-0.4105254704,0.021338454609805,0.0204715321602995,0.0353368404140686,10.54493262002974,215.99362868878188,169.77860544530017,1.04192127,3.742745,0.6785079999999993,treadmill
191,0.05890649655,0.4666673569,-0.3893894034999999,0.0160919760090395,0.0194103686519797,0.0201626747699176,3.72866807597879,218.1548076448265,152.0302344785094,0.97946485,3.6337422,0.6310065999999996,treadmill
192,0.0834935236882546,0.4640596294182217,-0.465628962129528,0.0130129001758788,0.0201594216125405,0.0203305620528329,6.504829871168244,196.5548965009876,197.8903428661308,0.7606073599999998,3.4029091000000005,0.5670404,treadmill
193,0.09796852059,0.4642839131,-0.4297891336,0.0218976983773362,0.0193654352258038,0.0268404409614692,10.076860711623825,215.93419702485167,185.4383882223738,1.09597686,3.6024052,0.6375654,treadmill
194,0.1150301811199999,0.4663661494,-0.4801139567,0.0180923988327688,0.0197625903247201,0.0130822935871365,13.558950129128457,217.8875547225495,230.680386677224,1.0234660400000002,3.8009867000000006,0.6342914999999998,treadmill
195,0.1005408549099999,0.4669544204999999,-0.4732950143,0.0188837180269016,0.0204249861787344,0.0236703390856877,10.46470171774668,218.4631937048319,224.56789522871625,1.02202934,3.8644036000000006,0.6275384000000006,treadmill
196,0.07912272963,0.4674435177,-0.4039127079,0.0160449415054256,0.0199538560457163,0.0319595232573213,6.517589051866698,218.9012004544723,164.16586531881916,1.00831825,3.7678971,0.6215931999999998,treadmill
197,0.0940208172799999,0.4662203485999999,-0.4800371133999999,0.0180707091622422,0.0197734538330405,0.0231981364791589,9.166138061095866,217.75201193571644,230.97324562397404,1.1485021400000002,3.7085517,0.6460606000000002,treadmill
198,0.09701705272,0.4689600268,-0.5139663988,0.0178009876586492,0.0198536874666915,0.0278002796120378,9.72886680493702,220.31728147337577,264.93354178640163,1.0096792099999998,3.707257100000001,0.6205211000000004,treadmill
199,0.0743799567,0.4661031222,-0.4125769253,0.0218667870009094,0.0197481961261205,0.0481323885883737,6.010056176063273,217.64172178357364,172.53412939439275,0.93006679,3.6907628999999993,0.6497178000000001,treadmill
0,0.43948256625925,-0.2329148624999999,0.4152469155,0.2816311353582906,0.0206550643709777,0.0197833209539535,272.38170635261264,54.675538225878974,172.82098924044334,15.455944298,1.729591,1.1460525999999995,row
1,0.32144039417833,-0.2445458366,0.422619633,0.301755299547315,0.0209131734442731,0.0206280633956915,194.2891315536051,60.23958966108064,179.0324456795119,16.35705608,1.9808377,1.2010599000000004,row
2,0.25093368007351,-0.2565474487,0.4256418837,0.3093488979919863,0.0234411719572137,0.0205910081209002,158.56875574340216,66.36553248866406,181.59457878550387,14.942279290000002,1.8409463,1.1101048999999998,row
3,0.2493722522428,-0.2544858565,0.4321055394999999,0.2159471556515395,0.0452605177182482,0.0165419449456439,108.77306104860294,66.80951710819832,186.9885595732282,2.6043519700000006,0.8995779999999998,0.5913397999999999,row
4,0.3625805382579999,-0.1855126939999999,0.4268467591,0.3005490451236813,0.0559075554769373,0.0296656449271101,221.7040455196929,37.53748873978506,183.0773261926259,1.95310356,0.5809034999999995,0.6176106999999997,row
5,0.4949507473,-0.1682742824,0.4611152547,0.0464051454064965,0.0130401288680582,0.0358407469926212,247.1275263355064,28.486109033169623,213.91055270289,1.1033195000000002,0.3847340999999998,0.6396267,row
6,0.5092505051515152,-0.1739334839393939,0.4477566939393939,0.0293807006175254,0.0065184687532476,0.005274663857916,85.86490662116174,9.997422108725331,66.16955226321673,0.1913763999999998,0.0835868000000001,0.0746873000000001,row
7,0.3560031940237,-0.2447870765,0.4269711313,0.2676568565761034,0.011266697072835,0.0120278148634762,198.3068268344048,60.04752434588495,182.4488706256616,9.06262582,0.5213802999999999,0.4274890999999995,row
8,0.3663143374457979,-0.2292052127,0.4361073955,0.2884401787456879,0.0113175693693857,0.0145128339962521,217.3007327964835,52.662988817906665,190.40007213804563,10.31780393,0.6130176999999999,0.476883,row
9,0.3756477024257,-0.2200149652,0.4376991653,0.2939173953134207,0.008951991840442,0.0112377014224994,227.41224417026507,48.48664293171064,191.70671895164472,10.61988652,0.6142945,0.4517020000000007,row
10,0.35461873055006,-0.2220950439,0.4423268177,0.2939810636980592,0.0081834273918426,0.0140962593660471,212.0928850041653,49.39311004033661,195.8515194801957,10.74145949,0.6304850999999997,0.5337667999999998,row
11,0.376150697605,-0.2233164205,0.4371878348999999,0.2939235936174938,0.011141915484381,0.0146857929612333,227.7940351148648,49.99424180331325,191.3486598269349,10.51883004,0.6278384000000004,0.5725271999999995,row
12,0.36472167538006,-0.223314252,0.4424680575999999,0.2836634545336748,0.0090725753344833,0.0123144563043544,213.40639097457813,49.95148445789618,195.92947618455472,9.7447619,0.5464975,0.4725582999999994,row
13,0.4045512879496402,-0.2246643258992805,0.4401151741007194,0.3022988087555446,0.0073625339564615,0.0140841773181171,35.36005312581103,7.023374800181051,26.951864178845703,1.31101665,0.0918725999999998,0.0752772999999998,row
14,0.4211861194499999,-0.256971904,0.421075589,0.2684175385770165,0.0559278629387542,0.0142312275737827,249.3736742580781,69.1593573724284,177.50697696211546,8.45154164,0.8403437999999998,0.5298386000000004,row
15,0.4842509570399999,-0.2175008128,0.419511788,0.2756489820846161,0.0101333187082623,0.0139421277126036,310.4053683571167,47.40918503255582,176.18432881318634,11.27100194,0.7016462000000001,0.6151224999999998,row
16,0.5673640373000001,-0.2405819131,0.4254120912999999,0.2858823693706199,0.0215572770060649,0.0209532149799478,403.5489512091984,58.34390838658025,181.41404560501744,10.9990469,1.0595353000000007,0.8878889999999999,row
17,0.5779556069,-0.2216698864,0.4317243793999999,0.2966192428730513,0.0224683331650216,0.0191376650135848,421.927675814487,49.6418597058081,186.7518237402652,11.5223035,0.9411842,0.8017927000000001,row
18,0.5764384907,-0.2049948852,0.4380969364,0.3065260140154318,0.017986383702565,0.0221868671739524,426.1455726314145,42.34608944685838,192.42069050098527,12.1422021,1.0323000999999998,0.9484334,row
19,0.5632605251999999,-0.2179692918,0.4250338083,0.2903259695818381,0.0194162723375347,0.023066623073886,401.4672986936006,47.88722680764738,181.18527522893385,11.705283,1.0124463,0.9221220999999996,row
20,0.5404454077,-0.2296547979,0.4236423051,0.291740117504732,0.0150022355024094,0.0198497333210726,377.1084225695324,52.96616820148952,179.86642057144627,11.201780199999998,1.0581598999999997,0.8622769999999996,row
21,0.5572979500999999,-0.2216209446,0.4299956015,0.2874197027402108,0.0187685475889427,0.0180202469608626,393.10848062341,49.46774920561608,185.2206218805768,11.131267899999996,0.9095070000000004,0.8052342000000003,row
22,0.5887037315504,-0.2088612596,0.391993502,0.2143224974169523,0.0489482431937963,0.0450643439283534,392.4602823075059,46.01656034294586,155.68766990882324,2.54115114,0.8835982000000002,0.9639725000000005,row
23,0.5865876446,-0.1710091946999999,0.3740800363,0.0721572853301092,0.0106037395646204,0.0226828071689505,349.2865319497605,29.356471525404046,140.44986878953205,1.1471742999999996,0.3108404999999996,0.5622201000000006,row
24,0.6173265235,-0.1710391649,0.3952916951,0.0854233443582824,0.0127421415372704,0.0219698995534224,388.38188723018845,29.416595738474268,156.73771802493246,1.3349863000000002,0.3598939,0.4935397999999996,row
25,0.6572869882,-0.1577731134,0.417820728,0.0902299715119004,0.0179728782127006,0.0368290094511471,440.1594911683063,25.21505663882658,175.92918030766552,1.3795811999999992,0.2270948000000001,0.5383002000000001,row
26,0.4781040534,-0.2275541049,0.4237731191,0.2798283330768367,0.0136377289545152,0.0138181580320317,306.8090779740785,51.96667232022599,179.7744070216496,11.0132523,0.8640030000000003,0.5894295,row
27,0.6040071107954545,-0.2001293438920454,0.4035489580965909,0.1011762489948866,0.0455542056926831,0.0102310708796461,264.0328645361513,29.65529053418183,114.72122654528933,1.3906361,0.2526854000000003,0.1777383999999999,row
28,0.50208864649,-0.2362044261,0.4298368829999999,0.2860436531760726,0.0154136449048952,0.0148511839836171,333.8321594849512,56.02987377803531,184.98008309520523,11.92656366,0.9331280999999998,0.6501644999999998,row
29,0.5315894568,-0.2292335962,0.4260864639,0.2829103426838156,0.014232136513152,0.0163022818497029,362.5455743163956,52.75039278280392,181.81517334791965,11.9756211,0.8810183,0.7385177999999999,row
30,0.5288090628,-0.2409972742999999,0.4273381994,0.2876296300069458,0.0181965170437986,0.0186890719555439,362.2870981532889,58.410468339322165,182.96686879558308,12.0675093,1.0243411,0.8405226000000001,row
31,0.56327489842,-0.2359866528999999,0.4284587891999999,0.2893328464856665,0.0154649670106247,0.0164997688877442,400.9083937495041,55.92862638638015,183.84890417370565,11.53413856,0.9797246000000004,0.6831187000000004,row
32,0.5948643899,-0.2246358023,0.4244929243,0.2849519908051541,0.0115579771959095,0.0182609894292339,434.9800817978561,50.594696924989,180.5273730519652,11.3151856,0.8480138000000003,0.7791825999999995,row
33,0.5958036850999999,-0.2430512862,0.4250873666999999,0.2915735071104043,0.0203643682050364,0.0197539427121609,439.9121261173523,59.488220508372216,181.0890973623629,11.642431,0.9814705000000004,0.8526701999999998,row
34,0.5712066006,-0.235697721,0.4276036561,0.2915726838116853,0.0219498745003975,0.021736089248477,411.20659588421177,56.03473087818646,183.316871828329,11.530659,0.9158636999999996,0.9024996,row
0,0.1396975396999999,0.6964023928,-0.2515729724,0.0164190646359454,0.0224377827294963,0.0177524232149732,19.784718696068907,485.47924333728776,63.60379382364468,1.6985838000000002,4.8363664,2.0465707,elliptical
1,0.1494611921999999,0.6986198234,-0.2509593664,0.0211671958321208,0.0226905085442205,0.0178288008112193,22.7862501030613,488.5840019662645,63.29815185611722,2.1299795,4.972404700000001,2.0742075,elliptical
2,0.1765610715999999,0.704763147,-0.2563315297,0.0266640333880321,0.0232920462520908,0.0156040413577285,31.8840717103819,497.2330702685345,65.94909573892899,2.7282484,5.079173999999998,2.3337526,elliptical
3,0.175237994,0.7116078768,-0.2758001467,0.0234968558610755,0.0239901084192817,0.0160490424052906,31.259904674264835,506.9607201004709,76.32303511010622,2.4804729,5.174383199999999,1.9804828000000003,elliptical
4,0.1817065021999999,0.6961131158999999,-0.2527915430999999,0.0279409558914422,0.0219266895790124,0.0215669677510132,33.79716926087,485.0537690641853,64.36823322675443,2.9936778,4.6689771,2.3585342,elliptical
5,0.1762114541999999,0.6869884182000001,-0.2333529221,0.0309578051461784,0.0201590472694654,0.0207068335262735,32.007903905047975,472.35906754056384,54.88193043433879,3.2515178,4.2052308,2.6670069,elliptical
6,0.1823658274,0.6997608823999999,-0.2664041508,0.0276556718033908,0.0223437155353279,0.0215912150060128,34.02136635000056,490.16403491952633,71.43688594833958,2.9177705,4.723395699999999,2.4751778,elliptical
7,0.1755000835,0.6947727832999999,-0.2672170712999999,0.0268325663504482,0.0201435999238061,0.0156900825379018,31.51954593884124,483.1145792677013,71.6508957055054,2.9819609,4.4505007,2.345926000000001,elliptical
8,0.17725273804,0.69415256,-0.2656613704,0.0324229845422706,0.0206830213000837,0.0188727092891491,32.468731819378554,482.2751361372832,70.93178669956283,3.3339591000000004,4.077777699999999,2.4401287,elliptical
9,0.1687524499,0.6917432096,-0.2692448657999999,0.0280467429922198,0.0184362218934073,0.0181401952571751,29.26322251993117,478.8482224111348,72.82153537694448,2.8980239,3.827072600000001,2.6298159000000005,elliptical
10,0.175959937,0.6888156628000001,-0.2536606534,0.0238514925342566,0.0179260597574537,0.0166518587889266,31.53022423145956,474.7880395934127,64.62073420004018,2.5887785,3.796605600000001,2.5351744000000003,elliptical
11,0.17269742141,0.6886528192999999,-0.2388635396,0.0289487934497736,0.0189352589223763,0.0190433097856345,30.661593971218583,474.6008910162654,57.41807555018482,3.08299452,4.056325900000001,2.6717492,elliptical
12,0.1514156759,0.700872541,-0.2363897289,0.0214985866172869,0.0259723245105866,0.0127971241468786,23.388433945568288,491.8962058066394,56.043706549459685,2.101906,5.724468399999999,2.0208305,elliptical
13,0.1804343573770492,0.6883307194379391,-0.2407201504683841,0.0254652900238264,0.0181112072173404,0.0167050268949212,28.35645424263262,404.90429664126566,49.72408338745605,2.2554109,3.385074200000001,2.2833828,elliptical
14,0.154695122,0.6958443652999999,-0.2279659775,0.0234220278529657,0.0246319785080619,0.0163506796174151,24.47862356795124,484.80550835061626,52.23556427675791,2.1943885000000005,5.334151899999998,2.2368414000000003,elliptical
15,0.1653417308999999,0.6980019677,-0.2325648527,0.0219207007986446,0.0249791921206921,0.0159819686152342,27.81792458338821,487.8300829920353,54.34157860887021,2.2576644,5.5132461,2.2453106000000003,elliptical
16,0.1679410560999999,0.7045439317000001,-0.2516397983999999,0.0232732862057057,0.0255864916647717,0.016461574707798,28.74530252894523,497.03616558245,63.5933005972112,2.2542529,5.865224600000002,2.3622313,elliptical
17,0.1788152319,0.7068206832999999,-0.2559987306999999,0.0201842657952903,0.0251802897812292,0.0164109430792845,32.381884340560006,500.2288912871521,65.80439985370988,2.0714391,5.5497867,2.2590669,elliptical
18,0.1670755871,0.7112152283000001,-0.2747057648,0.0217796206875371,0.0274109937763335,0.0261177149117025,28.38812933022539,506.57771218304754,76.14471011152969,1.9675076,5.837852999999997,2.0857373,elliptical
19,0.1675360872,0.7086724376,-0.2817819646,0.0229644674010574,0.0249321986697373,0.0180169855166038,28.59517991053722,502.8376167299026,79.72536272917407,2.2100959,5.239104499999999,2.0694321,elliptical
20,0.1741028282,0.712335304,-0.2840204205,0.0196965560820646,0.0241162764887481,0.016672722317688,30.699361154411143,508.00259852166255,80.94530095081008,2.0418583000000003,5.2414088,2.1239960999999994,elliptical
21,0.1562061107999999,0.7375970830999999,-0.3662497238,0.0245976108511678,0.0291960465964861,0.0467685666669684,25.004786468387778,544.9010137253556,136.32397171283088,1.5649611,4.796585800000001,1.4031370000000003,elliptical
22,0.1540304229999999,0.7260175972,-0.3242282779,0.0191836254714963,0.0290197236111124,0.0323412913321953,24.09301468430334,527.9428536581684,106.16888935590852,1.5498801,5.1052146,1.379809300000001,elliptical
23,0.1322398027699999,0.7401156877000001,-0.3769298046,0.0234418577005166,0.0299488742970613,0.02536747352784,18.03633660840732,548.6672693162334,142.71894280026666,1.35621486,5.0817536,1.2593232999999993,elliptical
24,0.1507034129,0.7402135055,-0.3819267597,0.0195072488014487,0.0288028844058562,0.0343815769214084,23.09167088275371,548.7448102685455,147.04896051371267,1.3342275,4.8081566,1.2662995999999995,elliptical
25,0.1514788269,0.733444396,-0.3568896915,0.0175353755520918,0.0277987641546283,0.0157415386179534,23.25301690535731,538.712680541041,127.61780014098764,1.2495784,4.6120813,1.2072466999999998,elliptical
26,0.1575550329,0.7340057255000001,-0.3724256821,0.0212706842949822,0.0282983902059383,0.0157757539705806,25.27557796048651,539.5644031561407,138.9495142265772,1.4430187,4.6706826,1.4064997,elliptical
27,0.16010793839,0.7387423652,-0.399739964,0.0286521389763206,0.0291636888874211,0.0350971988929397,26.45467605834651,546.589952370063,161.02262037548175,1.62205856,4.7193446,1.3631554000000006,elliptical
28,0.14881892503,0.7375082351,-0.380130021,0.022828458037535,0.0297763921491983,0.0390691778520646,22.66768980495989,544.8041437362103,146.02370712283866,1.4595103399999998,4.903599,1.3826313000000003,elliptical
29,0.1546799805,0.7379890599,-0.3791186545,0.0198607560989276,0.0296055680889178,0.0282414867570758,24.319951550668648,545.5034657042916,144.5277381825662,1.393742,4.999611399999999,1.2522137,elliptical
30,0.1573601102,0.7391449325999999,-0.3640708822,0.0175184199590316,0.0299665832781697,0.0127078394413759,25.06879242497928,547.2323295055126,132.7089349599708,1.2813687,5.2483601,1.2898701000000006,elliptical
31,0.1575167823,0.7350669785999999,-0.3459600107,0.0222945974273478,0.0315393664381096,0.0133566618869535,25.30808873151865,541.3171999318149,119.86655101988976,1.5594566,5.5547846000000005,1.2013329999999995,elliptical
32,0.1673997061,0.7352865724,-0.3544414642,0.0195704189376596,0.0307189099891151,0.0258419911588951,28.40527989846449,541.5890513312289,126.29589224278924,1.4351086,5.4245296000000005,1.1960145999999996,elliptical
33,0.1551176397,0.7253805810999999,-0.3263545193999999,0.0196403445904318,0.0270275198344264,0.013247672535919,24.44683953859429,526.9067437785457,106.6825976595963,1.4036109,4.3043944,1.3190498000000006,elliptical
34,0.1608537673,0.7356923325,-0.3542745033,0.0181284683881292,0.0304805110901255,0.016131446072442,26.20224717933585,542.1713405940495,125.77038701729742,1.391931,5.453356899999999,1.2606303,elliptical
35,0.1652839680672269,0.732859879831933,-0.3702103689075631,0.0192807326447491,0.0289997147840199,0.0132271044692632,3.2948021267612804,64.01218486059716,16.33027519488581,0.1754781999999998,0.5835710999999999,0.1670971999999997,elliptical
36,0.1600899678999999,0.7256434567,-0.3217861825999999,0.0169487092771379,0.0272979708450979,0.019855389539581,25.91576930963781,527.3028602845723,103.94018956955529,1.1323012999999995,4.4479999,1.5726009,elliptical
37,0.161912,0.7300736951,-0.340449839,0.0177804856303659,0.0287948719732806,0.0173735271136308,26.531325267582403,533.8359157842735,116.2076304800496,1.2672922999999998,4.632447199999999,1.5787446000000005,elliptical
38,0.1582985848,0.7307134188,-0.3375805672,0.0224361119473237,0.0286810192356167,0.0147638859594534,25.56131768987632,534.7638786779137,114.17839370736884,1.433311,4.7121478,1.4527981999999993,elliptical
39,0.1476680567999999,0.732819463,-0.3301448431,0.0174243071583263,0.0297083887686282,0.0232473778626773,22.10915787255578,537.9060711264731,109.53551756243624,1.1708793000000002,5.0006367,1.3964705999999998,elliptical
40,0.1546761667,0.7335684845000001,-0.3350802263,0.0167557593387604,0.0294484103931436,0.0204575589613094,24.20519126055363,538.9890631174351,112.696851264196,1.2825491000000002,5.030908400000001,1.2883757999999994,elliptical
41,0.1481405528,0.733223288,-0.3275136855,0.0191729334224519,0.0301048007993297,0.015156456022619,22.31285715853534,538.5217827976671,107.49470263079934,1.2661987,5.351315700000001,1.2046727,elliptical
42,0.144484596,0.7392092232999999,-0.3579215207,0.0186817587568095,0.0299270456302643,0.0257156208151592,21.2244575834206,547.3250082438851,128.76844684095568,1.3666728999999995,5.1424836,1.1832914999999995,elliptical
43,0.06998826427,0.7179234781,-0.3068910775,0.0185014801956094,0.0271699222540231,0.0147227934970745,5.240319600186459,516.1515868778156,94.39867733682016,1.30302198,4.485034800000001,1.4655380999999998,elliptical
44,0.09757274477,0.7174477913,-0.2827913719,0.0189442671131595,0.0280330516627366,0.0147043559060814,9.878966893149848,515.5163993747885,80.18696188561421,1.25915559,5.251707700000001,1.4584436999999997,elliptical
45,0.12522482391,0.7235100302,-0.2980091436,0.0203862546190739,0.0288595776357687,0.0197725980714921,16.096440301306828,524.2988061460985,89.2000143480677,1.3729271,5.3520809,1.3292618999999997,elliptical
46,0.12335114464,0.7221193493000001,-0.2750715646,0.0164194044269738,0.0286368218185665,0.0094208639807297,15.484832128892991,522.2756021297598,75.75302957695723,1.4353038000000002,5.5954079,1.2093758000000003,elliptical
47,0.12479673388,0.7220315565,-0.2774772858,0.0167316571588957,0.0286993750574008,0.014300116175462,15.853893190047083,522.1523990563694,77.19793296424396,1.4261394400000005,5.706447699999999,1.2534521999999997,elliptical
48,0.12213406451,0.7204245085,-0.2745405974,0.0162885922260944,0.0282590751393167,0.0095107889883444,15.181782632204118,519.8092491998684,75.46290427282253,1.42621974,5.6429967,1.256953900000001,elliptical
49,0.13096424037,0.7191308062,-0.2786965980999999,0.0169885777917098,0.0280696454048424,0.0125435314515283,17.43995541930073,517.9362335140224,77.82897663360713,1.2978299399999995,5.523748300000001,1.4394594999999997,elliptical
50,0.1326002845,0.7190935177,-0.3022614069,0.015257987129962,0.0278043718675175,0.0229788893296139,17.815408814567768,517.8677972100124,91.88945942663518,1.2457248,5.3472132000000006,1.4931588999999998,elliptical
51,0.124782988,0.7205277928,-0.2934054873,0.0153431486113031,0.0291642404256615,0.0141239204026718,15.805970891307368,520.0100025639259,86.28606562016392,1.3066475,5.649652700000001,1.4679957999999995,elliptical
52,0.1244695357,0.7185994548000001,-0.2892149764,0.0160814750910703,0.0289610272913401,0.0126336006196317,15.751020544637186,517.2230787995252,83.8047508308043,1.3851743399999998,5.719073099999999,1.4449981999999997,elliptical
53,0.12731946333,0.7168955602999999,-0.2925357409999999,0.019784441111165,0.0289866798017072,0.0180359541028762,16.60127842861029,514.7786317561718,85.90213010717974,1.65530484,5.579598899999998,1.5156575999999995,elliptical
54,0.1257432373799999,0.7102811674,-0.2778535991,0.0174938459090533,0.027413623279913,0.0145602970087568,16.11709035684804,505.25009199769846,77.41441277955775,1.48504654,5.430015099999999,1.4899724999999997,elliptical
55,0.11531424367,0.7220983007,-0.2981343789,0.0133846950887686,0.0278275698726555,0.0112603500702886,13.476345705740824,522.1995551452001,89.01077657031051,1.12649156,5.197826699999999,1.5534614000000002,elliptical
56,0.11981353112,0.7119684446000001,-0.2876844168999999,0.017914924481977,0.0271311488621328,0.0195301328333022,14.675905814118954,507.63442924548383,83.14336838949094,1.4344146800000002,5.4251424,1.5608315000000004,elliptical
57,0.1261252499999999,0.7140599439393941,-0.2928111037878787,0.01525917660881,0.028285001998384,0.0110972311085766,2.13030275043028,67.40917708239678,11.33359366870913,0.2124303,0.7260374999999998,0.2129516,elliptical
58,0.11592345026,0.7238747333000001,-0.301538101,0.0138529159410269,0.0282896015614176,0.01298131591673,13.629957696971786,524.7941307650933,91.09357240305322,1.06636825,5.300490200000002,1.4743974000000004,elliptical
59,0.12017046776,0.7221716768,-0.2906878572,0.0134552802847572,0.0295477894197504,0.0111390884794268,14.621804844631036,522.404129559858,84.62338553638794,1.17356445,5.4810227000000005,1.4051833999999992,elliptical
60,0.11584728927,0.7200327623,-0.2816891505,0.0183750758906219,0.0287494408012359,0.0135017589792201,13.757900201779186,519.2728826014057,79.53089270744907,1.40596106,5.495149799999999,1.4202208000000005,elliptical
61,0.11879469183,0.7197817110999999,-0.2894253008,0.0152962944604857,0.0278724915270589,0.0121647381666677,14.345921454582337,518.8618105421859,83.91483761697941,1.25352322,5.339679500000001,1.4476878999999998,elliptical
62,0.12164242583,0.7224203234000001,-0.2899485221,0.0131645209217397,0.0281475245132721,0.0131186748141479,14.970011068294877,522.6826145144496,84.24207299722465,1.0977994,5.3409715,1.4554871999999996,elliptical
63,0.1113066135299999,0.7203134955,-0.2919689518,0.0157800263515444,0.0281456101589233,0.0115021265717809,12.63792243794056,519.6429149952754,85.37803543194832,1.24282032,5.325756799999999,1.4319402,elliptical
64,0.12007566543,0.7207164851,-0.2970670597,0.0177018352191003,0.0277527268934198,0.0156688489721478,14.731207043611352,520.2016955310692,88.49410527408722,1.3564510200000002,5.1890786,1.5437272999999998,elliptical
65,0.0692926315489999,0.457994425,0.2512320315,0.0248442993655947,0.0235473933565909,0.024427533872606,5.418090758741795,210.3128185852368,63.713641358303214,2.14337845,4.354514099999999,1.5108547,elliptical
66,0.0685827821299999,0.4541140899,0.2654792424999999,0.0240769261357077,0.0267662170407448,0.0255321333475152,5.282716678463231,206.93532059000287,71.13046614181582,2.4562946,4.567593100000001,1.5191323000000003,elliptical
67,0.08074346106,0.4410983468,0.2016398239,0.0215027318673608,0.0246390948710108,0.0182726314267085,6.981411614229592,195.17422946075968,40.99217375262009,2.18916665,3.9200447,1.6664597,elliptical
68,0.07755488693,0.4644459836999999,0.2049071905999999,0.0203474551763956,0.0258173833735407,0.0194420758883031,6.42836539994836,216.3759425220328,42.364573080116415,1.77906869,4.2785593,1.5053299999999996,elliptical
69,0.08200927672,0.4605461242999999,0.2025360865,0.020306035947077,0.0334699651302351,0.0185618201211356,7.137444228925636,213.2218509350044,41.36506295977867,1.81719405,3.739631600000001,1.6327058999999997,elliptical
70,0.08637129761,0.4650558116,0.2064356105999999,0.0213883276904175,0.022893765712476,0.0176422526684067,7.917004151666481,216.800508286924,42.92659915393152,1.82933233,3.6994199,1.6230874999999998,elliptical
71,0.0639143233174,0.4563205382,0.20312204184,0.0364179887569826,0.0217493602854494,0.0274057583590075,5.409984360319749,208.70099522129112,42.00888839689179,2.06993432,3.5720947,1.7720073799999998,elliptical
72,0.0714810282199999,0.4435835525,0.214953642,0.0219108388811365,0.0262948166281223,0.0251132834512191,5.589142171003085,197.4570940126453,46.83511453775974,2.0862555,3.7408968,1.5610487000000002,elliptical
73,0.07113390138,0.4403306289,0.2133120258999999,0.018137727559744,0.0285160339574492,0.0168682183128595,5.388680109410035,194.70341377593925,45.78627264582351,1.80058995,3.4465395999999995,1.5650043,elliptical
74,0.07771386895,0.5043351923,0.1859201824,0.028076342775866,0.0284874461056847,0.0219430490736898,6.8269381698220295,255.16470924331665,35.04733012889698,2.19802339,3.965010500000001,1.5265110999999998,elliptical
75,0.0541406428722,0.4419128784,0.2148921262499999,0.0293235478143387,0.0375722523716134,0.0354683268627695,3.790219796578493,196.6972545699012,47.43537013247976,1.7259567800000002,3.3026188,1.6602636399999997,elliptical
76,0.04810726433078,0.4370968405999999,0.20870748231,0.0379824850858962,0.0236366496748528,0.037973199924318,3.75553538551857,191.6117805791457,44.9993351207587,1.35166254,3.2025756000000003,1.5813841400000002,elliptical
77,0.0689745868,0.4801550691,0.2418351132,0.0249668791511966,0.0248661151819096,0.0189548464652871,5.380215333726643,231.1665957429816,58.8431488947749,2.16935923,4.9540597,1.3682586999999995,elliptical
78,0.0650483875938189,0.4472243190949227,0.2148559303532008,0.017331158922309,0.0163188149859707,0.0190500281316459,4.105385220050719,181.44969484936948,42.15216988448714,1.36615303,2.7174017,1.4602688999999998,elliptical
79,0.0727250362018999,0.4743300238,0.2267440104,0.0216072832135585,0.0246934394616659,0.025253027283142,5.755338703750724,225.59812766460308,52.049923923851466,1.6617793552000002,4.732206,1.3601758999999998,elliptical
80,0.05005521269025,0.4489187749,0.2227238409,0.0304232990381739,0.026443128637862,0.0356869066005788,3.4301758647079525,202.22660627082325,50.87819105266424,1.8570188892,3.8235490000000008,1.6224161999999998,elliptical
81,0.0620102679799999,0.451931727,0.2303419314,0.0242836574705202,0.0270850033307573,0.0218311108681008,4.434379659076821,204.97514967722424,53.53352616541588,2.1458372699999995,3.85683,1.541921,elliptical
82,0.07719873111,0.4867799891,0.2090945853,0.0202598851126451,0.0280079579338297,0.0148379724368152,6.369696566826886,237.73841905011164,43.94049086238863,1.77973315,4.7826474,1.5145352,elliptical
83,0.07428997401,0.4467647918,0.2277352791,0.0213026680206856,0.0237427339150539,0.0193175940248707,5.972350099541218,200.16193288844465,52.23615361622571,1.90462878,4.052951999999999,1.6542439999999998,elliptical
84,0.0741312079899999,0.4503617441999999,0.2253084988,0.0220446083770413,0.026442578233722,0.0146178176041345,5.980914791795264,203.52421137256908,50.97738654242585,1.98896316,4.1474994,1.5872001999999998,elliptical
85,0.07739769852,0.4574832245999999,0.214943421,0.0234231603306875,0.0260704172010167,0.0167400153960197,6.538499531630026,209.9698877767961,46.48062211852676,2.29720921,4.708063800000001,1.4722440000000003,elliptical
86,0.08018044535,0.5226342895,0.1181590073999999,0.0247489460553914,0.0258220593154514,0.0247142816037466,7.040801637046158,273.8127125297132,14.571735949227358,1.52976577,3.6171191,0.816214,elliptical
87,0.07781049245,0.518764256,0.1585350944,0.0225413316525268,0.0282518305020733,0.0209156506039452,6.562076256348046,269.9137210640247,25.57040313216304,1.52492021,4.135196599999999,1.0799142000000002,elliptical
88,0.09111327123,0.4981841914,0.192422662,0.0223036326122605,0.0394013190094421,0.0241753497145322,8.798582769906535,249.738400036616,37.61034393745236,1.6282322699999998,4.4241844,1.3139822,elliptical
89,0.09080678698,0.5058992562,0.2056936469,0.0217860074232956,0.0260495213735587,0.0178350839207824,8.720028050959543,256.61195640994094,42.627648503264766,1.62691087,4.2726708,1.2647,elliptical
90,0.09326594648,0.5059384460999999,0.2133349412,0.0212211928457662,0.0266693851823736,0.0197255689793593,9.148425459581633,256.68425609198243,45.90050611029536,1.4880521,4.2239999,1.1416421,elliptical
91,0.10411729631,0.5164530175000001,0.2016671021999999,0.0221996957129496,0.0278162105976845,0.0172707167917285,11.33274505416215,267.496687115298,40.96759949058684,1.53726976,4.336473399999999,1.0960047999999998,elliptical
92,0.1135807381,0.5242992844000001,0.1988340582,0.0210323708239046,0.0286271727811259,0.018478600427972,13.342502329192554,275.70843512877104,39.87609991538386,1.60876912,4.4871477,1.2179151,elliptical
93,0.11022032677,0.5188848971,0.1962000403,0.0237685629094805,0.0288831594344354,0.0160985140003867,12.71290007148473,270.0749391004937,38.75335880458925,1.79980617,4.4469156000000005,1.1945708000000004,elliptical
94,0.10339264732,0.5121023600000001,0.2094454731,0.0239933722216282,0.0288490748846353,0.0182098935004448,11.265145748492936,263.0802639701472,44.19867482315907,1.69893831,4.4686925,1.1428419,elliptical
95,0.10724295952,0.5194398897,0.18780442,0.0228303884310496,0.0295578486375718,0.0196768827160279,12.021757775885051,270.6905917612137,35.6572927052433,1.5706707,4.390870100000001,1.2423803999999996,elliptical
96,0.1116434053499999,0.5235153059000001,0.210467088,0.0258160015687804,0.0284199874092547,0.0175938339818658,13.130049429206682,274.87516350022844,44.60562858238702,1.90581167,4.456606299999999,1.0422237000000003,elliptical
97,0.12287511941,0.5310935964,0.16983810812,0.0345271315460528,0.0323481376070965,0.034132887018629,16.289225660007396,283.1057637417271,30.00887189203108,1.7213660199999998,4.627260099999999,1.16179026,elliptical
98,0.07224384126,0.5098953731,0.1769443653,0.0211926931854231,0.0289741370123597,0.0208533342652517,5.667853714207107,260.83195262378365,31.743735099848188,1.36009547,4.3920488,1.2253581999999996,elliptical
99,0.09797440551,0.5217501608,0.1546927615599999,0.0294333452233125,0.0286777440823069,0.0259285437814731,10.464439624261578,273.04482088747045,24.60146757230416,1.94548142,4.331065700000001,1.1918837999999998,elliptical
100,0.0999384387387387,0.521047336036036,0.1702191963963964,0.020610928533247,0.0285471984013613,0.0147362437501674,1.1553629019168543,30.225069908340068,3.2400650620087603,0.19640244,0.4886020999999999,0.1411086999999999,elliptical
101,0.07786763354,0.5113486676,0.1715198846,0.0162964165525223,0.0274804843926777,0.0183952673545678,6.328675972380601,262.2318817017291,29.7571182883823,1.1614787,4.274511199999999,1.0783561,elliptical
102,0.07680983905,0.5143811868,0.1676647905,0.0207853408911356,0.0270711550163931,0.016877519650902,6.33134974045166,265.3201199202641,28.39604779230591,1.5733685899999998,4.319768399999999,1.1262736,elliptical
103,0.0806291272999999,0.5172319629,0.16026683236,0.0182555846064744,0.0293348427945696,0.0212792825449228,6.833989272114428,268.38857591416735,26.13781261246937,1.37265133,4.7000479,1.01583378,elliptical
104,0.0881145748599999,0.5124575486000001,0.1730317982999999,0.0213575617637937,0.0277862543085432,0.0199599035919126,8.219867601808314,263.3840429696919,30.33800257657893,1.45349524,4.4386828000000005,0.9955604000000003,elliptical
105,0.09206620657,0.5084614368,0.1871622542999999,0.0212974784718362,0.0282850714603414,0.022708652618336,8.929315398858982,259.3322779349695,35.54487665549439,1.6089634899999998,4.595738499999999,1.1341267000000004,elliptical
106,0.098779914,0.5167139156,0.1641861953999999,0.0242482959818494,0.0280110543636025,0.021313927176831,10.34486328801275,267.77710512207807,27.41093596813453,1.82725552,4.256723500000001,1.2521355,elliptical
107,0.09347718285,0.5106633585,0.17380905669,0.023257389187555,0.0265945004837659,0.0245317635539401,9.278348959241914,261.4836259030245,30.810793803111,1.52399178,4.228027599999999,1.2867779599999998,elliptical
108,0.03924490882807,0.4906535268,0.2236246724,0.0192698311239798,0.0297140704634731,0.0244254864851641,1.911117934078682,241.62292641880305,50.60400189165422,1.498664334,4.990973199999999,1.3541629999999998,elliptical
109,0.039043551642,0.4864448095999999,0.2308359533,0.021425959420819,0.0277253901093702,0.0209178519945671,1.983011590187001,237.3964813462403,53.722356311454334,1.6682259212,4.810411899999999,1.4114179000000004,elliptical
110,0.056843629451,0.4695482599,0.2491457235,0.0208820590137097,0.020227864334062,0.0153616100225921,3.666822537425997,220.88432570413968,62.30933462176217,1.734982258,3.6775377,1.4397734999999998,elliptical
111,0.0744470077,0.4662640414,0.2396331036,0.0221061407627289,0.0214906425315597,0.0154786309942915,6.030549733446025,217.8635421713637,57.66337277040832,1.7342856800000002,3.835016,1.4945902000000002,elliptical
112,0.07186860264,0.4733901322,0.2388642519,0.0230590214011263,0.0214445070538472,0.0207410432843861,5.696282794935841,224.5576242802332,57.48589152139491,1.97045907,3.7453132,1.4650329000000002,elliptical
113,0.06790492855,0.4724953616,0.2386710646,0.021298885988811,0.0248647741360665,0.0178321768167582,5.064268223200612,223.86950546935952,57.28154562079148,1.67101396,3.8738521,1.5224515999999997,elliptical
114,0.06792958318,0.4808080184,0.2317596133,0.0235642695905945,0.0215275434217105,0.0164356303215599,5.1691477975454205,231.6393222483826,53.98237817108845,1.69709889,3.881464200000001,1.5016597999999997,elliptical
115,0.06946675356,0.4721786476,0.2391058514,0.0214656833794545,0.0213479871158161,0.0151932596126959,5.285944637549818,223.40795606670807,57.40221247624,1.7395883499999998,3.9146555,1.4230297999999997,elliptical
116,0.07530650757,0.4698413284,0.2297226265,0.0208647456369194,0.0265001148660239,0.0157261417257688,6.105972355273323,221.4524277045012,53.01954934810389,1.71521164,4.0401186,1.2069062,elliptical
117,0.07341843355,0.4842025999,0.2203804037999999,0.0230225670779189,0.0225161934424691,0.0161174582527821,5.919774941198186,234.95862973809105,48.8270350671207,1.85268294,3.966195100000001,1.3863648000000002,elliptical
118,0.07160116622,0.4815824292,0.2155663347,0.0163100512443733,0.0221867827677369,0.0147746504041662,5.392478757886559,232.41339719042617,46.68691666026319,1.3936010099999998,4.1251215000000006,1.1945926000000002,elliptical
119,0.069871113989,0.4768058099999999,0.2191510356,0.0241500106212493,0.0222386000793374,0.0167060589805985,5.464612360057282,227.83784122791133,48.305989718809045,2.0142937320000005,4.0231752,1.4737825999999998,elliptical
120,0.04881883639314,0.4800937475,0.2313704398,0.023952119145733,0.0295967372788793,0.0229565176255229,2.9564090943399903,231.3650972792912,54.05875511303488,1.625343274,4.8908381,1.3252555,elliptical
121,0.0786167770462232,0.4766153696730552,0.2139589400225479,0.0201027181501814,0.022384052653076,0.0229238494090098,5.840239780035963,201.93680740028685,41.07106119416268,1.4287243800000002,3.4741654000000004,1.4622185,elliptical
122,0.0487561379101,0.4812853933,0.2347220844,0.0225197201785507,0.0255819741574057,0.0221036362642538,2.883791643031998,232.2894127683241,55.582539070447055,1.9182452018,4.662974400000001,1.5027626,elliptical
123,0.04840255149,0.4716964057,0.2390933633,0.0193244820122633,0.0234107697424987,0.0175059430091212,2.71586916017935,223.04501522609536,57.47178795670375,1.5739977,4.1696568,1.3228261999999995,elliptical
124,0.049101788363,0.4687006035,0.2423184124,0.018926184228463,0.0296518640674088,0.0252664810314689,2.7688278694451176,220.55860953089365,59.355969656706336,1.515755926,4.1849375,1.3112083999999995,elliptical
125,0.05518753505,0.4600345301999999,0.2513209503,0.0189606128562961,0.0248633599365802,0.0236955521811522,3.404809359941437,212.2493374570033,63.72313777367161,1.37609432,3.9436635,1.5355591999999998,elliptical
126,0.05752287899,0.4696939783,0.2408143704,0.0167203596065087,0.024195865022146,0.0213107767901619,3.5881724622437803,221.19728769556664,58.445256049341104,1.32933856,4.0124964,1.2030206000000003,elliptical
127,0.0597163501,0.4627743223,0.2476506247,0.0177226586639843,0.0216687861052895,0.0184140628656268,3.8798210067557486,214.62914013520967,61.66957054780829,1.56200493,3.7043198,1.5259701,elliptical
128,0.06026061293,0.4649222762,0.2585925433999999,0.017814054716976,0.0188175887260295,0.0170937744962153,3.9483646756132407,216.5064704508056,67.16200843148182,1.46767943,3.4148411,1.4053897000000002,elliptical
129,0.2655801108,0.7993630452999999,0.2992604356,0.0204882264785764,0.0221228738005638,0.0151158676033257,70.95214290935348,639.4702103149403,89.78506927944962,0.6342258000000003,2.1011112999999995,0.6366942000000003,elliptical
130,0.225053503,0.7924058472000001,0.2841862317,0.0147948524676804,0.0208726151579936,0.0134956043348917,50.8677479844519,628.3422570742199,80.94376349287367,0.7108587999999999,1.7822958,0.5667125,elliptical
131,0.212005554,0.8003314455,0.3077132754,0.0189924483987621,0.0225509014861046,0.0234930666376924,45.30670730993039,641.0384572707976,95.23883211325926,0.831855,2.01967,1.085657,elliptical
132,0.2230512507,0.8058051851,0.3142054506,0.019002688999121,0.0216469731873567,0.0226585675417998,50.11260152584237,649.7901191907712,99.2379624591123,0.8105144000000001,1.8899334000000008,0.8807059999999998,elliptical
133,0.2274690962999999,0.8126899753,0.3269868669,0.0200238256467881,0.022815290866737,0.0250279869058198,52.14274241147811,660.9850129129511,107.54618485350764,0.8054513999999998,2.0031234999999987,1.0722483,elliptical
134,0.2187501192,0.8086223936000001,0.3136821164,0.0205836622667941,0.024083358527637,0.0257680529949342,48.27487811517534,654.449603581206,99.05979871177774,0.9206757999999998,2.2027917999999995,1.1941037,elliptical
135,0.2351174520999999,0.8061438962999999,0.3063735643999999,0.0440068422730911,0.0239845291630335,0.0284171141772097,57.21488184667767,650.4426639232785,94.67148580894336,1.099314,2.0446804999999983,1.1857685,elliptical
136,0.2193115502,0.8097919480999999,0.3140271655,0.0220799234977725,0.0243256429321442,0.0267357795646981,48.58459154977294,656.3541443747512,99.32714777898758,0.9407054,2.0799271000000004,1.0697260000000002,elliptical
137,0.2228292432,0.8056626292000001,0.3198760953,0.0244653641147018,0.0243742836423531,0.031783555892832,50.250827112308414,649.6857836868315,103.32990057514226,1.0466419000000002,2.1236898,1.3937296,elliptical
138,0.2230943649,0.8057844299,0.3251766465999999,0.0232347828711474,0.0289710753550413,0.0301685330481348,50.31041093006865,650.1270313532883,106.64908173991142,1.015607,2.168811,1.2833115,elliptical
139,0.2304937461,0.8090444674999999,0.3113847297,0.0235780158650888,0.024266811532711,0.0250185131895463,53.68273390051351,655.1412396561807,97.58574996655534,0.972231,1.9974349,1.022104,elliptical
140,0.2790651221,0.7998822924,0.2706343495,0.0656447846422032,0.0252949134174228,0.0379226372347475,82.18227088565844,640.4508745072293,74.67963941771157,1.2919327000000005,1.8544199,1.1028346,elliptical
141,0.2121958284,0.7975126721,0.2976296143999999,0.0225418565304646,0.0226055231240518,0.0159601495544682,45.53469675090646,636.5369608261185,88.83785901531988,0.6923056000000001,2.1485573000000007,0.5744650000000002,elliptical
142,0.2490813154999999,0.8065226648,0.2887680122,0.0647003249965694,0.0244317527848269,0.024280487142742,66.22344765381759,651.0751224696878,83.97591738377233,1.0032058999999998,2.0337719,0.9119147,elliptical
143,0.2146972714285714,0.8084399509523811,0.3050212533333332,0.0237852372509577,0.0228787676723482,0.0260214869323349,9.7981719951801,137.36018094626942,19.67949026333134,0.1981447999999999,0.4077337000000002,0.2318857999999999,elliptical
144,0.2192478792,0.7970976968,0.3093041236,0.0155533639815362,0.0222635041295825,0.0120756968042474,48.3112977577088,635.8599061963766,95.81471750681888,0.6302875999999997,1.945765,0.5454587999999996,elliptical
145,0.2161270164,0.8025301994999999,0.3125651159,0.0148979601107249,0.0224674277143915,0.0130380700219662,46.93261448421116,644.5590016323031,97.86677295620822,0.6305427000000002,1.984288799999999,0.5109771999999995,elliptical
146,0.2134602226,0.8034894951,0.3191087435,0.0144208977906258,0.0218695262848212,0.0181701400819849,45.773020963236135,646.0731666397954,102.16021401475714,0.6328999,1.9407779,0.7727648999999998,elliptical
147,0.2152241743999999,0.8083831197,0.3272869814,0.0166505444711916,0.0233407519408031,0.015984986017646,46.59840863671756,654.0275141263654,107.3720324521303,0.6967279,1.9980755999999995,0.6441469,elliptical
148,0.209355494,0.8024266014999999,0.3131831326,0.0175163258874193,0.0217315955221061,0.0173864142882193,44.13623771890572,644.3602407765324,98.38565965954898,0.6849379000000002,1.8696004000000004,0.6095879000000002,elliptical
149,0.2125621666999999,0.8072518378,0.3065405371,0.0180702490103561,0.0219782986300797,0.0194530153535105,45.50888207759557,652.1380921965398,94.34514227209404,0.8073732000000001,1.9886294999999992,0.9010735000000004,elliptical
150,0.2128200191,0.802297896,0.3146348869999999,0.0181708197602542,0.0223050510055692,0.0238768201803761,45.622209041793255,644.1789317110874,99.56464455688686,0.8216037,2.0404149,1.0742662,elliptical
151,0.2211412148,0.8079137678000001,0.2961629777,0.0220227263847621,0.0240389001899272,0.0238718271076415,49.38795236016042,653.3019470544112,88.28180362545837,1.1570727000000005,3.878421700000001,1.8381525000000003,elliptical
152,0.2047574389999999,0.8072407026999999,0.2980169631,0.0223410977402342,0.0230921760380917,0.032704279200428,42.424234349429184,652.1702674411699,89.88261060348829,1.7992004,3.6897536,2.6592595999999995,elliptical
153,0.1740330641,0.7985921368,0.2943347952,0.0224580972340618,0.0269105353352875,0.0321413933496208,30.791369165277903,638.4728536939097,87.66500776271454,1.8636855,4.461671099999999,2.7225389,elliptical
154,0.175837431,0.7992335268,0.2895479232,0.0259784147310022,0.0258035467577874,0.0374530920901863,31.593005294583783,639.4393875634223,85.23933120244196,2.0277664,4.3411206,3.2037356,elliptical
155,0.188203143,0.7992492936,0.2958163152999999,0.0270184413316253,0.0254994682561147,0.0368564507762478,36.14968921089694,639.4490059785622,88.86433196352718,2.0538048,4.1677854,3.0623877000000004,elliptical
156,0.1764958392,0.7999080459,0.2922670991999999,0.0252911677270635,0.0264397433055604,0.0393346965127991,31.78978477674572,640.5512428615943,86.9657284061869,2.016427,4.259699100000001,3.2529181,elliptical
157,0.1934579728,0.8006905900000001,0.2952973529,0.0257192230938991,0.0279053704064816,0.0385964451080636,38.08680419800274,641.8833519023735,88.68872251915194,1.9922627,4.2789939,3.0843989000000005,elliptical
158,0.1864681035,0.8018638788000001,0.2824000261999999,0.02456632474302,0.0258912711871533,0.0394091723739163,35.373254429954855,643.6553676899442,81.30130458209054,1.9575823,4.426828600000001,3.3632103,elliptical
159,0.1802378624,0.8006792869,0.2962082355,0.0228782970802539,0.0268975041364281,0.0417536485284002,33.0085801033364,641.8100727237329,89.48094257629123,1.7897249,4.074483000000002,3.2021958,elliptical
160,0.1942393052,0.8086584607999999,0.3046327857,0.0249256754758441,0.0235882823796478,0.0412537781190035,38.34957569320792,654.4843568819815,94.50130645822502,1.6709643,3.7975784,2.9320635,elliptical
161,0.190446298,0.8014431785,0.2914041104,0.0243467840118689,0.02543245520398,0.038741498749431,36.86196554773368,642.9573313321076,86.4157583796422,1.7924098,4.317633799999999,3.2368677,elliptical
162,0.1873747894,0.7934735667999999,0.2803407169,0.0234543888659709,0.0251583414829099,0.0368370598575835,35.65886995141346,630.2326104143386,79.9465295619782,1.9150067,4.2232877,3.2536811,elliptical
163,0.2017037115,0.8056787606,0.299045949,0.0246721291401542,0.0240478614949048,0.0358546461663865,41.29249247522738,649.6959866247878,90.71274970937566,1.8141127,3.7031745,2.843615,elliptical
164,0.2024259793548387,0.8043570725806451,0.2911978603225806,0.0197543767353276,0.0236279223457999,0.0317541825037613,38.47046640630896,602.2196201214281,79.79719709741968,1.3951529000000005,3.7945421,2.5236982,elliptical
165,0.1976690603,0.8076999452,0.3075164165999999,0.0232551818944935,0.023558043216911,0.03646631887399,39.61332008134608,652.9336278948927,95.89480909831208,1.6929458,3.5461421,2.6971179,elliptical
166,0.20473803,0.8122618830000001,0.309110898,0.0249809308052874,0.0236675356924734,0.0355179747961687,42.54108378527556,660.3289586682145,96.80981226945406,1.8125044,3.5361127,2.620475,elliptical
167,0.1970066923,0.8055938746,0.2944488574,0.0266972671400395,0.0239440543832915,0.0377667764491623,39.52366813966077,649.5542352156102,88.12503269812318,2.0273588,3.746443,3.0889290000000003,elliptical
168,0.2049896091999999,0.8044515498,0.2968344068,0.0265936682452461,0.0235506847338418,0.0346209122025091,42.7272558475162,647.6963760923032,89.30807401448001,1.9271065,3.6170671,2.6788457,elliptical
169,0.2106979342,0.8073619271000001,0.2829586849999999,0.0519968294104795,0.0221488661123177,0.0379814762579105,47.0945860746213,652.323363028417,81.50676736312073,2.2254752999999994,3.780404199999998,2.8301924,elliptical
170,0.16558340802,0.806810056,0.2883281971,0.0403126875453282,0.0255464525085212,0.0410347242911487,29.04135267586793,651.5944350772575,84.8153139919894,2.12993748,3.8796866,3.3207901,elliptical
171,0.1738901235999999,0.7975040177000001,0.2879230482,0.0273852274375391,0.0245962303164146,0.0368344758905114,30.986975816747226,636.6170278188742,84.25510352029406,1.9977026,4.237496,3.1956670000000003,elliptical
172,0.2236479108,0.8038375509,0.2772444931,0.0417192951542277,0.023902016857131,0.0247371773024096,51.757147093782166,646.7255433403388,77.47582496722592,0.9174325999999998,3.1046658000000003,0.9449258999999997,elliptical
173,0.2010310071,0.8090938284,0.2922537589,0.0210161948988713,0.0235986001460566,0.0274984847888173,40.854704583219565,655.1891601898933,86.16767009019446,1.2857819999999998,3.248040499999999,1.8637973000000003,elliptical
174,0.2174613934,0.8118791207,0.3026106224,0.0241804288823832,0.0239010801634956,0.0320097730316651,47.87356606726462,659.718396999954,92.59678973328457,1.4425298,2.948724000000001,2.0164462,elliptical
175,0.1977555258,0.8052335726,0.299485721,0.020163923009304,0.0243298472789437,0.0330150315503546,39.51342519176848,648.9924559693077,90.78059939885247,1.2981052,3.12606,2.0808509,elliptical
176,0.1891152742,0.8008361978,0.2961820684,0.0236934387949111,0.0236163366247563,0.0328413453638591,36.32540459862746,641.8957893309789,88.80129305304524,1.5462671,3.096124200000001,2.1268771,elliptical
177,0.1909170616999999,0.8099123521,0.2954952292,0.02030217118972,0.0245191211477759,0.0319381949248677,36.86109042502329,656.5586041987118,88.33645872672432,1.2701072,3.0804958999999994,2.0790056000000003,elliptical
178,0.1968291026999999,0.8073343304,0.2977164726,0.023732903668419,0.0235003834365463,0.036309997650743,39.30438313550507,652.3404367960594,89.95219557085412,1.3682578,2.9660051000000003,2.2287531,elliptical
179,0.184116022,0.8043685553000001,0.3009521508,0.0232695901362272,0.0222149390535009,0.0356967570497058,34.43964190838738,647.5017827690427,91.8451812765478,1.4497594,2.8669015000000004,2.2907461,elliptical
180,0.2038549322,0.8106111917000001,0.3082234026,0.0231053606004507,0.0228259820248479,0.0325953581411667,42.09015721305498,657.6110085392374,96.06306082530024,1.3559442000000002,2.858307,2.0997589,elliptical
181,0.2022226468,0.7988776479999999,0.2983210077,0.0246790824837308,0.0224644690009501,0.0341295100107444,41.502446933924105,638.709644189139,90.1590822652634,1.4170706,2.8611292,2.1927675000000004,elliptical
182,0.2017723702999999,0.8061945569000001,0.3034085041,0.0241519356135314,0.0225239763894469,0.036059561957045,41.29482209436661,650.4564857580674,93.35571207672514,1.4750999,2.8063090000000006,2.2409432,elliptical
183,0.2074040954,0.8097125670999998,0.3074364177,0.0218895843079093,0.0232572052121807,0.0348201058602269,43.4951335359642,656.1747980163592,95.72837826055417,1.4453923,2.9880383000000004,2.2789277,elliptical
184,0.1991996448,0.8116771456999999,0.2961309135,0.0210455195755666,0.0243594752461478,0.0253304455513355,40.12296946875752,659.4125795019324,88.33450777070183,1.1479599,3.1505424,1.6405186,elliptical
185,0.2023673089,0.8070669741000001,0.3052620459,0.0212594942008366,0.0217551732042276,0.0315242065270211,41.40404183900975,651.8299149565148,94.17769848861482,1.3203330000000002,2.7990995,1.9958945,elliptical
186,0.2007373982857142,0.8049521897142858,0.3018058234285715,0.0205268196340184,0.0223059506938108,0.0291555287484893,7.125027993766588,113.4774794979448,16.08808993974375,0.2420523,0.5276058999999997,0.3261788999999999,elliptical
187,0.1964814867,0.8121773975,0.2982800853999999,0.0224045908433265,0.0238651830640882,0.0237322804175815,39.106438341008285,660.2011024255928,89.5336672589162,1.0610461999999998,3.0410341999999995,1.4611639999999997,elliptical
188,0.1930906102,0.8093518525,0.2949319478,0.0192373880513653,0.0223639527377489,0.0284544650059823,37.65369076934812,655.550067380856,87.79370075529982,1.2574910999999998,2.9328036000000006,1.8801088,elliptical
189,0.1819145474,0.8028371144,0.2826574373,0.0224591063647313,0.0219828167957827,0.0318254487668348,33.59680960299046,645.0301932481614,80.90707319102465,1.4686432,2.9015456,2.1592867,elliptical
190,0.1851668524,0.8131801622,0.2992222742,0.02700665011268,0.026044802283808,0.0365191962158891,35.015393018881795,661.939629589895,90.86628741798232,1.6400057999999995,3.1100308,2.3953184000000007,elliptical
191,0.1847846424,0.8114354290000001,0.2956909932,0.0277299486633125,0.0237667132919425,0.035886296532432,34.91354516971296,658.9917472404547,88.71970191213728,1.5521431,3.015172,2.2421786,elliptical
192,0.1935976341,0.8071756787000001,0.2964953935999999,0.0256922556788163,0.0227978097529387,0.0342538899541644,38.13947583898129,652.0517966742073,89.08167407403394,1.4846201,2.7725219999999995,2.1440541,elliptical
193,0.2117436585,0.8076355068000001,0.3080373968,0.0216330780935638,0.0237713491586021,0.0326501333789875,45.30289899269904,652.8396238078722,95.95200300577666,1.2234377,2.8854296999999995,1.9270690999999995,elliptical
